date,store_id,product_id,actual_next_7_day_demand,predicted_next_7_day_demand
2026-08-13,S01,P101,447.0,532.2234632307377
2026-08-14,S01,P101,444.0,526.7997376495754
2026-08-15,S01,P101,434.0,528.4171085458601
2026-08-16,S01,P101,461.0,520.6934723948278
2026-08-17,S01,P101,450.0,503.3733508297257
2026-08-18,S01,P101,496.0,540.0905674603173
2026-08-19,S01,P101,540.0,557.7177647907648
2026-08-20,S01,P101,531.0,502.2595625279894
2026-08-21,S01,P101,525.0,513.5117464534259
2026-08-22,S01,P101,533.0,510.53127169807306
2026-08-23,S01,P101,523.0,506.09635095460095
2026-08-24,S01,P101,539.0,492.2063851148855
2026-08-13,S01,P102,173.0,162.47253031773565
2026-08-14,S01,P102,171.0,165.69147835955013
2026-08-15,S01,P102,175.0,148.91651926120772
2026-08-16,S01,P102,172.0,150.38220831498603
2026-08-17,S01,P102,168.0,152.1748574929045
2026-08-18,S01,P102,180.0,149.7840053753884
2026-08-19,S01,P102,183.0,149.69805922896813
2026-08-20,S01,P102,171.0,146.3038566795996
2026-08-21,S01,P102,164.0,146.52481481825234
2026-08-22,S01,P102,158.0,143.5443365319604
2026-08-23,S01,P102,160.0,143.37423494143445
2026-08-24,S01,P102,159.0,141.97028993487828
2026-08-13,S01,P201,240.0,234.33647770073583
2026-08-14,S01,P201,242.0,236.27896766726917
2026-08-15,S01,P201,227.0,235.00822898219434
2026-08-16,S01,P201,265.0,231.29185934553217
2026-08-17,S01,P201,271.0,233.91630112240145
2026-08-18,S01,P201,279.0,230.67370743823466
2026-08-19,S01,P201,305.0,234.59872381443583
2026-08-20,S01,P201,307.0,232.5191147324275
2026-08-21,S01,P201,313.0,232.6889564175681
2026-08-22,S01,P201,332.0,230.94197102748566
2026-08-23,S01,P201,299.0,251.37198171823093
2026-08-24,S01,P201,289.0,236.8566612243112
2026-08-13,S01,P205,215.0,200.33301504715277
2026-08-14,S01,P205,217.0,208.77877216909394
2026-08-15,S01,P205,224.0,203.94422287209076
2026-08-16,S01,P205,216.0,198.66782539203544
2026-08-17,S01,P205,217.0,196.76118926916064
2026-08-18,S01,P205,240.0,194.64816508187985
2026-08-19,S01,P205,234.0,197.80955122101403
2026-08-20,S01,P205,226.0,197.01122570438372
2026-08-21,S01,P205,225.0,197.22598685353088
2026-08-22,S01,P205,223.0,198.60197927916968
2026-08-23,S01,P205,215.0,199.3526766496725
2026-08-24,S01,P205,224.0,199.54856772579717
2026-08-13,S01,P330,398.0,422.400480513201
2026-08-14,S01,P330,425.0,428.8212439025711
2026-08-15,S01,P330,415.0,414.53343786284876
2026-08-16,S01,P330,432.0,429.7930377377758
2026-08-17,S01,P330,433.0,423.85195043121246
2026-08-18,S01,P330,447.0,423.39852551960297
2026-08-19,S01,P330,488.0,433.1555644514566
2026-08-20,S01,P330,494.0,430.90932096876315
2026-08-21,S01,P330,479.0,414.4446746248175
2026-08-22,S01,P330,503.0,427.7946872769802
2026-08-23,S01,P330,498.0,435.17420433465946
2026-08-24,S01,P330,488.0,435.87701590429583
2026-08-13,S01,P331,291.0,256.48929272620813
2026-08-14,S01,P331,302.0,289.32577058104124
2026-08-15,S01,P331,300.0,290.2717346160644
2026-08-16,S01,P331,346.0,288.1943376662689
2026-08-17,S01,P331,378.0,288.39594040537986
2026-08-18,S01,P331,390.0,287.29450223583444
2026-08-19,S01,P331,412.0,284.0864978381974
2026-08-20,S01,P331,432.0,276.5749829858715
2026-08-21,S01,P331,430.0,285.5397655373761
2026-08-22,S01,P331,417.0,279.81459745221383
2026-08-23,S01,P331,369.0,285.28764723543355
2026-08-24,S01,P331,332.0,351.74578664016735
2026-08-13,S01,P442,553.0,590.2585424546296
2026-08-14,S01,P442,554.0,584.0641552356474
2026-08-15,S01,P442,571.0,590.7109565842071
2026-08-16,S01,P442,588.0,585.8742911681019
2026-08-17,S01,P442,575.0,583.8795536232886
2026-08-18,S01,P442,650.0,589.4146864017058
2026-08-19,S01,P442,720.0,594.6014116941942
2026-08-20,S01,P442,756.0,597.7192238675888
2026-08-21,S01,P442,753.0,602.4499954751891
2026-08-22,S01,P442,729.0,600.4030864228083
2026-08-23,S01,P442,767.0,589.8803222597319
2026-08-24,S01,P442,765.0,583.7173478755138
2026-08-13,S01,P443,786.0,884.5531838578089
2026-08-14,S01,P443,798.0,878.4280316211566
2026-08-15,S01,P443,791.0,872.3362858946607
2026-08-16,S01,P443,833.0,901.4346758658008
2026-08-17,S01,P443,836.0,897.5685924075924
2026-08-18,S01,P443,907.0,876.9623788433787
2026-08-19,S01,P443,964.0,878.5075253080253
2026-08-20,S01,P443,987.0,902.2538650793653
2026-08-21,S01,P443,1047.0,903.5839010295261
2026-08-22,S01,P443,1030.0,914.5485001803753
2026-08-23,S01,P443,1036.0,912.4477357503611
2026-08-24,S01,P443,1024.0,920.1405395021646
2026-08-13,S01,P501,102.0,95.35033530420071
2026-08-14,S01,P501,108.0,95.69620033449628
2026-08-15,S01,P501,106.0,114.53358643168767
2026-08-16,S01,P501,99.0,95.11470867897529
2026-08-17,S01,P501,98.0,96.31709853736635
2026-08-18,S01,P501,100.0,96.99456437676912
2026-08-19,S01,P501,104.0,100.05243380210037
2026-08-20,S01,P501,106.0,96.81557552585055
2026-08-21,S01,P501,101.0,99.95498236975716
2026-08-22,S01,P501,115.0,100.34743864044894
2026-08-23,S01,P501,128.0,99.02653286447425
2026-08-24,S01,P501,130.0,98.84316064301115
2026-08-13,S01,P502,218.0,182.54009480477373
2026-08-14,S01,P502,220.0,193.94999289942308
2026-08-15,S01,P502,209.0,198.34347626747774
2026-08-16,S01,P502,209.0,183.68600323925756
2026-08-17,S01,P502,209.0,185.7160349427034
2026-08-18,S01,P502,237.0,191.15469555484867
2026-08-19,S01,P502,250.0,192.59822080751613
2026-08-20,S01,P502,248.0,193.6622757916349
2026-08-21,S01,P502,247.0,191.74842371756952
2026-08-22,S01,P502,242.0,191.08163660638576
2026-08-23,S01,P502,253.0,200.0369126374411
2026-08-24,S01,P502,249.0,201.75046081691795
2026-08-13,S01,P601,161.0,148.2192133700849
2026-08-14,S01,P601,154.0,147.46303595746136
2026-08-15,S01,P601,148.0,149.89313935733193
2026-08-16,S01,P601,140.0,166.8342339081415
2026-08-17,S01,P601,138.0,149.19685483388508
2026-08-18,S01,P601,138.0,149.73514267221623
2026-08-19,S01,P601,142.0,148.64058128250795
2026-08-20,S01,P601,139.0,153.25352465932838
2026-08-21,S01,P601,143.0,146.474551558204
2026-08-22,S01,P601,139.0,153.14082172011197
2026-08-23,S01,P601,139.0,159.46075687097888
2026-08-24,S01,P601,140.0,143.79933316983528
2026-08-13,S01,P701,132.0,119.23399700377583
2026-08-14,S01,P701,139.0,119.56581766436095
2026-08-15,S01,P701,142.0,138.67184456645168
2026-08-16,S01,P701,150.0,123.85293774924456
2026-08-17,S01,P701,141.0,122.47797835873867
2026-08-18,S01,P701,149.0,118.2547428097397
2026-08-19,S01,P701,155.0,123.40524871022998
2026-08-20,S01,P701,146.0,118.21240657566563
2026-08-21,S01,P701,145.0,117.92216572669888
2026-08-22,S01,P701,149.0,127.63452762715625
2026-08-23,S01,P701,131.0,121.55065631820402
2026-08-24,S01,P701,127.0,120.86454472626683
2026-08-13,S01,P702,221.0,244.46136905232368
2026-08-14,S01,P702,218.0,233.53797991757403
2026-08-15,S01,P702,217.0,235.05241811685624
2026-08-16,S01,P702,216.0,234.6527930540234
2026-08-17,S01,P702,227.0,230.5696226472698
2026-08-18,S01,P702,256.0,228.51713086010415
2026-08-19,S01,P702,289.0,232.652446309057
2026-08-20,S01,P702,298.0,235.20228726203797
2026-08-21,S01,P702,307.0,228.93267864899772
2026-08-22,S01,P702,307.0,229.74294368697224
2026-08-23,S01,P702,305.0,227.13144359709673
2026-08-24,S01,P702,307.0,226.83612538990937
2026-08-21,S01,P999,287.0,240.2617024552246
2026-08-22,S01,P999,292.0,330.7441776747559
2026-08-23,S01,P999,254.0,325.6241206832659
2026-08-24,S01,P999,246.0,310.847884046509
2026-08-13,S02,P101,1358.0,1141.0074771894776
2026-08-14,S02,P101,1282.0,1140.6994753441006
2026-08-15,S02,P101,1190.0,1211.8108524531026
2026-08-16,S02,P101,1080.0,1125.3165407231656
2026-08-17,S02,P101,1017.0,1260.7489271284267
2026-08-18,S02,P101,1167.0,1268.3981720779223
2026-08-19,S02,P101,1264.0,1277.9097285353535
2026-08-20,S02,P101,1278.0,1181.5943124098128
2026-08-21,S02,P101,1278.0,1184.2269134199137
2026-08-22,S02,P101,1289.0,1247.760440836941
2026-08-23,S02,P101,1308.0,1154.3091215728714
2026-08-24,S02,P101,1304.0,1162.4311827200568
2026-08-13,S02,P102,316.0,381.58092653637425
2026-08-14,S02,P102,331.0,379.94572327627395
2026-08-15,S02,P102,360.0,378.66863348705147
2026-08-16,S02,P102,355.0,379.230037032525
2026-08-17,S02,P102,344.0,358.69904184374997
2026-08-18,S02,P102,371.0,360.95453488805236
2026-08-19,S02,P102,392.0,341.9746825718259
2026-08-20,S02,P102,391.0,330.1335781019479
2026-08-21,S02,P102,375.0,329.70584166078913
2026-08-22,S02,P102,379.0,351.994664201981
2026-08-23,S02,P102,385.0,367.8882986801163
2026-08-24,S02,P102,402.0,373.873279903431
2026-08-13,S02,P201,530.0,564.7897170316007
2026-08-14,S02,P201,545.0,558.4543637220258
2026-08-15,S02,P201,558.0,559.1936287164332
2026-08-16,S02,P201,613.0,553.6430023106698
2026-08-17,S02,P201,592.0,558.164983544131
2026-08-18,S02,P201,666.0,562.0452016465407
2026-08-19,S02,P201,733.0,558.0039199701929
2026-08-20,S02,P201,741.0,561.0372471157856
2026-08-21,S02,P201,739.0,567.3679398245586
2026-08-22,S02,P201,735.0,562.5929940178685
2026-08-23,S02,P201,664.0,557.0409674879717
2026-08-24,S02,P201,676.0,567.1702711985195
2026-08-13,S02,P205,408.0,452.94144635375307
2026-08-14,S02,P205,412.0,454.89674476800195
2026-08-15,S02,P205,407.0,455.14174297663556
2026-08-16,S02,P205,407.0,449.7855230264584
2026-08-17,S02,P205,420.0,451.4189567267451
2026-08-18,S02,P205,482.0,453.82088483907415
2026-08-19,S02,P205,536.0,450.96039791457457
2026-08-20,S02,P205,553.0,458.2285861419838
2026-08-21,S02,P205,547.0,468.6783273087276
2026-08-22,S02,P205,568.0,470.2695921047975
2026-08-23,S02,P205,569.0,466.3813613039418
2026-08-24,S02,P205,562.0,471.6143195855839
2026-08-13,S02,P330,944.0,913.7171806110555
2026-08-14,S02,P330,1010.0,886.6508081224326
2026-08-15,S02,P330,985.0,926.2037538711293
2026-08-16,S02,P330,927.0,920.530211996337
2026-08-17,S02,P330,942.0,877.4660378787876
2026-08-18,S02,P330,1048.0,851.5360006382506
2026-08-19,S02,P330,1084.0,865.6641361000111
2026-08-20,S02,P330,1083.0,864.3095385170385
2026-08-21,S02,P330,1005.0,869.1308066378067
2026-08-22,S02,P330,1007.0,895.8768173770668
2026-08-23,S02,P330,991.0,862.9868294622044
2026-08-24,S02,P330,983.0,889.3575581779329
2026-08-13,S02,P331,699.0,666.2366803434596
2026-08-14,S02,P331,713.0,668.3995975552232
2026-08-15,S02,P331,717.0,669.1089558285141
2026-08-16,S02,P331,736.0,642.6385093622455
2026-08-17,S02,P331,729.0,646.1730614663115
2026-08-18,S02,P331,765.0,865.4653327886446
2026-08-19,S02,P331,912.0,959.6808446119644
2026-08-20,S02,P331,972.0,956.866639821385
2026-08-21,S02,P331,983.0,898.5617610336661
2026-08-22,S02,P331,984.0,935.0721072844774
2026-08-23,S02,P331,953.0,864.4515868104347
2026-08-24,S02,P331,962.0,885.4986318155026
2026-08-13,S02,P442,1431.0,1288.505532287157
2026-08-14,S02,P442,1434.0,1280.6167923881676
2026-08-15,S02,P442,1358.0,1290.4693659812408
2026-08-16,S02,P442,1347.0,1334.5152652625154
2026-08-17,S02,P442,1323.0,1343.0683686868686
2026-08-18,S02,P442,1585.0,1342.3744404761903
2026-08-19,S02,P442,1698.0,1338.6651354617604
2026-08-20,S02,P442,1683.0,1336.9771575785314
2026-08-21,S02,P442,1697.0,1307.1280386002886
2026-08-22,S02,P442,1652.0,1293.9754246031744
2026-08-23,S02,P442,1663.0,1276.5150509768005
2026-08-24,S02,P442,1754.0,1285.5215012626263
2026-08-13,S02,P443,2003.0,1882.8010142496385
2026-08-14,S02,P443,1969.0,1877.006995129869
2026-08-15,S02,P443,1971.0,1880.603276875901
2026-08-16,S02,P443,1842.0,1871.7709646464627
2026-08-17,S02,P443,1829.0,1864.7808977272714
2026-08-18,S02,P443,2007.0,1885.8995573593063
2026-08-19,S02,P443,2408.0,1838.0765313852808
2026-08-20,S02,P443,2330.0,1809.5153621933619
2026-08-21,S02,P443,2369.0,1791.5688820346318
2026-08-22,S02,P443,2356.0,1809.7676233766229
2026-08-23,S02,P443,2335.0,1794.5812860750352
2026-08-24,S02,P443,2363.0,1789.7908362193357
2026-08-13,S02,P501,207.0,205.78100983541196
2026-08-14,S02,P501,202.0,213.67723874636184
2026-08-15,S02,P501,211.0,215.0702082913411
2026-08-16,S02,P501,219.0,214.04357015552677
2026-08-17,S02,P501,219.0,216.7024610633823
2026-08-18,S02,P501,234.0,216.24057529397405
2026-08-19,S02,P501,253.0,209.30575452822433
2026-08-20,S02,P501,253.0,222.57552942202557
2026-08-21,S02,P501,247.0,223.98023312181348
2026-08-22,S02,P501,252.0,220.9481568922033
2026-08-23,S02,P501,250.0,221.06017660241753
2026-08-24,S02,P501,249.0,216.97032641701796
2026-08-13,S02,P502,477.0,443.3790044904445
2026-08-14,S02,P502,488.0,451.85657677756114
2026-08-15,S02,P502,440.0,466.8558747365114
2026-08-16,S02,P502,473.0,458.2463661768641
2026-08-17,S02,P502,473.0,446.071015377146
2026-08-18,S02,P502,529.0,445.7255145812401
2026-08-19,S02,P502,571.0,448.39236274204427
2026-08-20,S02,P502,568.0,443.6104963477335
2026-08-21,S02,P502,573.0,442.93215929308064
2026-08-22,S02,P502,555.0,450.2320836784744
2026-08-23,S02,P502,563.0,439.99525705015776
2026-08-24,S02,P502,553.0,444.42791701256664
2026-08-13,S02,P601,336.0,359.97323702323905
2026-08-14,S02,P601,341.0,361.9635998945755
2026-08-15,S02,P601,316.0,344.98964205948016
2026-08-16,S02,P601,342.0,362.7233208545297
2026-08-17,S02,P601,346.0,351.0827933380086
2026-08-18,S02,P601,376.0,353.2293966213605
2026-08-19,S02,P601,445.0,342.2972284549827
2026-08-20,S02,P601,436.0,345.1250591350525
2026-08-21,S02,P601,434.0,358.6256255501342
2026-08-22,S02,P601,444.0,360.2700469892217
2026-08-23,S02,P601,416.0,348.5509722709113
2026-08-24,S02,P601,426.0,368.0484540175058
2026-08-13,S02,P701,281.0,274.7957091220694
2026-08-14,S02,P701,272.0,271.67029937431687
2026-08-15,S02,P701,244.0,273.24653603604855
2026-08-16,S02,P701,243.0,266.881267425048
2026-08-17,S02,P701,241.0,268.94338103698135
2026-08-18,S02,P701,273.0,290.5009803635467
2026-08-19,S02,P701,291.0,270.6758561319812
2026-08-20,S02,P701,281.0,301.4620463763229
2026-08-21,S02,P701,291.0,275.41743103938825
2026-08-22,S02,P701,308.0,274.3707044348792
2026-08-23,S02,P701,301.0,271.13489293187564
2026-08-24,S02,P701,294.0,272.62117403255326
2026-08-13,S02,P702,509.0,551.1699409603933
2026-08-14,S02,P702,503.0,547.0193309901756
2026-08-15,S02,P702,535.0,551.7032060502295
2026-08-16,S02,P702,532.0,564.5536802429726
2026-08-17,S02,P702,519.0,569.4235112995418
2026-08-18,S02,P702,574.0,565.9989798993396
2026-08-19,S02,P702,665.0,565.2810201425293
2026-08-20,S02,P702,673.0,568.5057326563109
2026-08-21,S02,P702,682.0,564.3357102819454
2026-08-22,S02,P702,666.0,550.6442122170909
2026-08-23,S02,P702,657.0,569.2240086679262
2026-08-24,S02,P702,678.0,522.5471618551043
2026-08-21,S02,P999,544.0,443.22849038461527
2026-08-22,S02,P999,492.0,355.50892437372744
2026-08-23,S02,P999,499.0,561.1943953506585
2026-08-24,S02,P999,506.0,554.8498247493965
2026-08-13,S03,P101,291.0,350.8499291658646
2026-08-14,S03,P101,305.0,352.8876263161079
2026-08-15,S03,P101,305.0,328.9283290963675
2026-08-16,S03,P101,309.0,285.0957639683791
2026-08-17,S03,P101,309.0,282.6781764043896
2026-08-18,S03,P101,320.0,279.78263900402817
2026-08-19,S03,P101,335.0,306.1039440535952
2026-08-20,S03,P101,340.0,277.5443045211747
2026-08-21,S03,P101,328.0,276.6195873813031
2026-08-22,S03,P101,327.0,274.7703671108324
2026-08-23,S03,P101,323.0,273.74206574982577
2026-08-24,S03,P101,323.0,273.1185295597693
2026-08-13,S03,P102,87.0,89.8294460664336
2026-08-14,S03,P102,91.0,89.95098595461754
2026-08-15,S03,P102,86.0,92.84385875839298
2026-08-16,S03,P102,76.0,89.21761805257397
2026-08-17,S03,P102,76.0,88.84245781592823
2026-08-18,S03,P102,84.0,91.0674680717489
2026-08-19,S03,P102,100.0,90.57205558974665
2026-08-20,S03,P102,94.0,90.90912113388669
2026-08-21,S03,P102,95.0,88.79488745026825
2026-08-22,S03,P102,94.0,86.79776560819029
2026-08-23,S03,P102,95.0,89.20929530992036
2026-08-24,S03,P102,98.0,90.28528561898582
2026-08-13,S03,P201,145.0,151.57841549047188
2026-08-14,S03,P201,142.0,151.31184280719216
2026-08-15,S03,P201,144.0,153.09292089525846
2026-08-16,S03,P201,139.0,150.56170522990016
2026-08-17,S03,P201,134.0,146.42323234849275
2026-08-18,S03,P201,161.0,149.99619796276585
2026-08-19,S03,P201,172.0,147.9325280498752
2026-08-20,S03,P201,162.0,147.97386883418594
2026-08-21,S03,P201,167.0,146.67497234590022
2026-08-22,S03,P201,162.0,144.65066455240014
2026-08-23,S03,P201,167.0,147.05490986499876
2026-08-24,S03,P201,170.0,141.34313541440704
2026-08-13,S03,P205,109.0,117.70701978261683
2026-08-14,S03,P205,105.0,116.37520294099654
2026-08-15,S03,P205,115.0,116.70296431727819
2026-08-16,S03,P205,122.0,130.58626081709076
2026-08-17,S03,P205,139.0,115.47570611443057
2026-08-18,S03,P205,139.0,116.58891746313351
2026-08-19,S03,P205,149.0,116.3330685443601
2026-08-20,S03,P205,155.0,118.67084026727758
2026-08-21,S03,P205,158.0,117.70749653674524
2026-08-22,S03,P205,152.0,118.82396387180565
2026-08-23,S03,P205,145.0,116.57204606164436
2026-08-24,S03,P205,128.0,117.90645279016253
2026-08-13,S03,P330,236.0,223.78799553357044
2026-08-14,S03,P330,235.0,222.61888388100175
2026-08-15,S03,P330,254.0,224.85334629548706
2026-08-16,S03,P330,227.0,225.13269288798676
2026-08-17,S03,P330,222.0,228.9037856773133
2026-08-18,S03,P330,257.0,216.18224708649427
2026-08-19,S03,P330,278.0,212.94644782515078
2026-08-20,S03,P330,257.0,216.74206799180868
2026-08-21,S03,P330,250.0,222.96558642143845
2026-08-22,S03,P330,238.0,222.75018430040654
2026-08-23,S03,P330,262.0,214.74647531701862
2026-08-24,S03,P330,270.0,226.09530959186995
2026-08-13,S03,P331,169.0,164.7579905239186
2026-08-14,S03,P331,171.0,167.2495822319497
2026-08-15,S03,P331,175.0,177.7657289202072
2026-08-16,S03,P331,170.0,165.97828571633067
2026-08-17,S03,P331,184.0,164.7311427868104
2026-08-18,S03,P331,190.0,165.75208495144173
2026-08-19,S03,P331,203.0,165.311413650551
2026-08-20,S03,P331,201.0,163.62213251035897
2026-08-21,S03,P331,202.0,168.55521188382704
2026-08-22,S03,P331,212.0,169.00351048374253
2026-08-23,S03,P331,225.0,164.13277246901353
2026-08-24,S03,P331,203.0,166.2530076130789
2026-08-13,S03,P442,394.0,337.3236920742909
2026-08-14,S03,P442,396.0,341.9738722569356
2026-08-15,S03,P442,394.0,339.8930395911257
2026-08-16,S03,P442,383.0,338.7112083222817
2026-08-17,S03,P442,386.0,346.1893549576164
2026-08-18,S03,P442,431.0,337.4711384096148
2026-08-19,S03,P442,459.0,342.36319510882873
2026-08-20,S03,P442,398.0,335.9969818291496
2026-08-21,S03,P442,412.0,327.01715315225283
2026-08-22,S03,P442,416.0,329.9034950250581
2026-08-23,S03,P442,421.0,327.0323963711373
2026-08-24,S03,P442,415.0,320.79421626788627
2026-08-13,S03,P443,418.0,455.16628051178975
2026-08-14,S03,P443,447.0,461.0191754910741
2026-08-15,S03,P443,455.0,455.36702261314144
2026-08-16,S03,P443,444.0,455.55290733160314
2026-08-17,S03,P443,447.0,467.0002572726733
2026-08-18,S03,P443,497.0,462.756996146061
2026-08-19,S03,P443,567.0,463.33590156848385
2026-08-20,S03,P443,567.0,453.1907806100611
2026-08-21,S03,P443,538.0,451.218769332329
2026-08-22,S03,P443,543.0,461.2458058893801
2026-08-23,S03,P443,556.0,459.6044718614485
2026-08-24,S03,P443,564.0,456.4348256226801
2026-08-13,S03,P501,57.0,59.95482166406152
2026-08-14,S03,P501,61.0,59.80710811277035
2026-08-15,S03,P501,57.0,66.77145076864552
2026-08-16,S03,P501,55.0,60.13251624880139
2026-08-17,S03,P501,52.0,60.48209594237564
2026-08-18,S03,P501,59.0,60.797593727745024
2026-08-19,S03,P501,62.0,60.585998176014655
2026-08-20,S03,P501,67.0,62.96657407014586
2026-08-21,S03,P501,62.0,62.44504229879348
2026-08-22,S03,P501,66.0,61.58658039221448
2026-08-23,S03,P501,71.0,62.169561066704155
2026-08-24,S03,P501,74.0,62.49519946998069
2026-08-13,S03,P502,120.0,108.50601376626351
2026-08-14,S03,P502,123.0,107.84902653078447
2026-08-15,S03,P502,124.0,109.47795831521715
2026-08-16,S03,P502,125.0,108.75035445794116
2026-08-17,S03,P502,110.0,109.94798468720795
2026-08-18,S03,P502,123.0,119.18685787427889
2026-08-19,S03,P502,136.0,119.50965173226547
2026-08-20,S03,P502,129.0,119.70996251366196
2026-08-21,S03,P502,129.0,120.21671080876423
2026-08-22,S03,P502,129.0,116.40131113194717
2026-08-23,S03,P502,124.0,117.33836320307559
2026-08-24,S03,P502,129.0,116.28085852724746
2026-08-13,S03,P601,102.0,87.84357604026856
2026-08-14,S03,P601,102.0,86.72108244017511
2026-08-15,S03,P601,99.0,82.99403406951188
2026-08-16,S03,P601,96.0,69.39590987466993
2026-08-17,S03,P601,94.0,78.61441992819753
2026-08-18,S03,P601,106.0,87.2293794259208
2026-08-19,S03,P601,112.0,87.42665801415193
2026-08-20,S03,P601,101.0,87.9102697089277
2026-08-21,S03,P601,100.0,89.14465142764563
2026-08-22,S03,P601,113.0,87.70852774787642
2026-08-23,S03,P601,109.0,89.69402896647819
2026-08-24,S03,P601,120.0,90.66149088058884
2026-08-13,S03,P701,57.0,70.02720287375404
2026-08-14,S03,P701,56.0,61.81645891593709
2026-08-15,S03,P701,59.0,83.1612031862793
2026-08-16,S03,P701,62.0,59.58568199700022
2026-08-17,S03,P701,58.0,59.5524749506163
2026-08-18,S03,P701,62.0,59.45327610513729
2026-08-19,S03,P701,80.0,59.591791789087594
2026-08-20,S03,P701,85.0,57.941496684731845
2026-08-21,S03,P701,83.0,56.11294137768635
2026-08-22,S03,P701,90.0,55.898221770703614
2026-08-23,S03,P701,88.0,55.83303088855721
2026-08-24,S03,P701,89.0,56.40958977362052
2026-08-13,S03,P702,144.0,142.10234970430074
2026-08-14,S03,P702,129.0,142.8466296499158
2026-08-15,S03,P702,123.0,160.32522784582758
2026-08-16,S03,P702,127.0,141.27179338176384
2026-08-17,S03,P702,120.0,146.7881710870472
2026-08-18,S03,P702,154.0,143.63886212848192
2026-08-19,S03,P702,164.0,145.76934319016974
2026-08-20,S03,P702,172.0,140.56373710888403
2026-08-21,S03,P702,180.0,144.93375564557599
2026-08-22,S03,P702,181.0,141.84256661941154
2026-08-23,S03,P702,176.0,136.935596967258
2026-08-24,S03,P702,179.0,135.09255942321843
2026-08-21,S03,P999,126.0,93.21717855373159
2026-08-22,S03,P999,141.0,94.89339277974159
2026-08-23,S03,P999,138.0,101.33582115465742
2026-08-24,S03,P999,127.0,119.15376712997706
2026-08-13,S04,P101,436.0,434.0787033825508
2026-08-14,S04,P101,458.0,438.77776065764294
2026-08-15,S04,P101,472.0,441.7757899463743
2026-08-16,S04,P101,478.0,442.372553917388
2026-08-17,S04,P101,465.0,421.9876486433734
2026-08-18,S04,P101,507.0,400.95122215211103
2026-08-19,S04,P101,520.0,371.47122331506654
2026-08-20,S04,P101,521.0,439.16313638229207
2026-08-21,S04,P101,491.0,437.30344800414946
2026-08-22,S04,P101,522.0,445.8082393964537
2026-08-23,S04,P101,538.0,444.14414788002483
2026-08-24,S04,P101,549.0,445.37807338338024
2026-08-13,S04,P102,126.0,128.3019323546444
2026-08-14,S04,P102,123.0,128.20972587808166
2026-08-15,S04,P102,118.0,134.7332030884322
2026-08-16,S04,P102,115.0,121.80028118824619
2026-08-17,S04,P102,126.0,121.19687992023051
2026-08-18,S04,P102,140.0,122.40104050559299
2026-08-19,S04,P102,172.0,120.35336555632738
2026-08-20,S04,P102,173.0,120.04659114346642
2026-08-21,S04,P102,176.0,123.60590568110113
2026-08-22,S04,P102,196.0,126.34811170293771
2026-08-23,S04,P102,196.0,122.31247094038432
2026-08-24,S04,P102,187.0,120.0290525146729
2026-08-13,S04,P201,185.0,207.82615251830876
2026-08-14,S04,P201,188.0,217.7335515928806
2026-08-15,S04,P201,192.0,216.18941509450798
2026-08-16,S04,P201,191.0,222.79231359645203
2026-08-17,S04,P201,193.0,221.86074624033
2026-08-18,S04,P201,213.0,206.36424652988305
2026-08-19,S04,P201,235.0,210.6827780836544
2026-08-20,S04,P201,237.0,205.13816680852887
2026-08-21,S04,P201,235.0,207.73055752029654
2026-08-22,S04,P201,249.0,206.11826826324537
2026-08-23,S04,P201,263.0,203.587134063902
2026-08-24,S04,P201,271.0,208.61678309054852
2026-08-13,S04,P205,204.0,175.51161099951085
2026-08-14,S04,P205,213.0,185.91455247457776
2026-08-15,S04,P205,217.0,183.87333003294216
2026-08-16,S04,P205,208.0,174.76354813001032
2026-08-17,S04,P205,196.0,173.98480424773297
2026-08-18,S04,P205,212.0,172.5620887514325
2026-08-19,S04,P205,209.0,166.45194500712591
2026-08-20,S04,P205,199.0,176.74503144431918
2026-08-21,S04,P205,198.0,182.41645206602584
2026-08-22,S04,P205,186.0,184.85945460269338
2026-08-23,S04,P205,190.0,186.06342326234386
2026-08-24,S04,P205,203.0,179.53056923231514
2026-08-13,S04,P330,347.0,341.3923091459404
2026-08-14,S04,P330,366.0,342.7599830964002
2026-08-15,S04,P330,369.0,343.0141630340789
2026-08-16,S04,P330,367.0,343.1186118809424
2026-08-17,S04,P330,363.0,341.2594568809888
2026-08-18,S04,P330,393.0,341.8152518583689
2026-08-19,S04,P330,433.0,345.820261341995
2026-08-20,S04,P330,415.0,343.9997503427159
2026-08-21,S04,P330,385.0,342.6278244060039
2026-08-22,S04,P330,368.0,337.95236864077214
2026-08-23,S04,P330,384.0,349.5923371409049
2026-08-24,S04,P330,390.0,337.70727619391596
2026-08-13,S04,P331,279.0,253.71492051372527
2026-08-14,S04,P331,278.0,265.50778747689486
2026-08-15,S04,P331,278.0,260.62895950116393
2026-08-16,S04,P331,272.0,253.98816959292196
2026-08-17,S04,P331,246.0,254.4813679893451
2026-08-18,S04,P331,259.0,259.17824612558695
2026-08-19,S04,P331,272.0,253.32886903913305
2026-08-20,S04,P331,269.0,255.03995943730516
2026-08-21,S04,P331,287.0,254.0374168861159
2026-08-22,S04,P331,306.0,259.37331077503023
2026-08-23,S04,P331,315.0,262.30914650740806
2026-08-24,S04,P331,317.0,263.2337836026334
2026-08-13,S04,P442,493.0,488.7913647454599
2026-08-14,S04,P442,537.0,495.6695538852449
2026-08-15,S04,P442,526.0,496.18839676292185
2026-08-16,S04,P442,531.0,500.20858146599164
2026-08-17,S04,P442,532.0,516.4031088687964
2026-08-18,S04,P442,625.0,513.7860358267463
2026-08-19,S04,P442,674.0,505.2281587222797
2026-08-20,S04,P442,691.0,503.50845192143885
2026-08-21,S04,P442,639.0,504.08932152664465
2026-08-22,S04,P442,657.0,491.6680958461295
2026-08-23,S04,P442,662.0,494.158792835715
2026-08-24,S04,P442,666.0,500.3752090258415
2026-08-13,S04,P443,704.0,868.5395642788728
2026-08-14,S04,P443,702.0,838.3859330060825
2026-08-15,S04,P443,797.0,662.70833840475
2026-08-16,S04,P443,776.0,663.5750990885417
2026-08-17,S04,P443,728.0,650.742243388659
2026-08-18,S04,P443,782.0,853.759467183351
2026-08-19,S04,P443,869.0,875.6017582342544
2026-08-20,S04,P443,864.0,873.431573239332
2026-08-21,S04,P443,876.0,855.1561759392639
2026-08-22,S04,P443,789.0,665.0334576547392
2026-08-23,S04,P443,794.0,910.204089285714
2026-08-24,S04,P443,788.0,898.4584042207795
2026-08-13,S04,P501,96.0,87.50926390945806
2026-08-14,S04,P501,96.0,87.98464821838981
2026-08-15,S04,P501,91.0,95.65822052430745
2026-08-16,S04,P501,82.0,83.79221471860548
2026-08-17,S04,P501,75.0,86.59652687699001
2026-08-18,S04,P501,80.0,86.76672070380386
2026-08-19,S04,P501,89.0,88.03884130691384
2026-08-20,S04,P501,88.0,86.77119660524575
2026-08-21,S04,P501,97.0,86.8912588448906
2026-08-22,S04,P501,100.0,87.60609466619624
2026-08-23,S04,P501,98.0,87.12945346071872
2026-08-24,S04,P501,101.0,88.60946276158418
2026-08-13,S04,P502,183.0,163.53012687659975
2026-08-14,S04,P502,175.0,167.39765171059622
2026-08-15,S04,P502,167.0,164.79856096484323
2026-08-16,S04,P502,163.0,162.76191005782357
2026-08-17,S04,P502,177.0,167.17197706858985
2026-08-18,S04,P502,196.0,167.16959700573713
2026-08-19,S04,P502,218.0,165.27761470468496
2026-08-20,S04,P502,208.0,165.57057224287516
2026-08-21,S04,P502,210.0,179.1701981831542
2026-08-22,S04,P502,221.0,174.73509516327985
2026-08-23,S04,P502,212.0,175.74084999544283
2026-08-24,S04,P502,205.0,170.41877189585117
2026-08-13,S04,P601,109.0,129.97332938279004
2026-08-14,S04,P601,104.0,131.4305553016856
2026-08-15,S04,P601,97.0,132.45111718878968
2026-08-16,S04,P601,110.0,128.11577311110426
2026-08-17,S04,P601,120.0,129.00953817070095
2026-08-18,S04,P601,138.0,128.84452316768116
2026-08-19,S04,P601,148.0,132.26762132445168
2026-08-20,S04,P601,150.0,127.32106584317735
2026-08-21,S04,P601,162.0,137.86462472282838
2026-08-22,S04,P601,169.0,127.76073315429242
2026-08-23,S04,P601,170.0,124.77796653359292
2026-08-24,S04,P601,166.0,132.7694351564471
2026-08-13,S04,P701,102.0,115.23952469662613
2026-08-14,S04,P701,120.0,125.47193643917416
2026-08-15,S04,P701,128.0,113.69548113892316
2026-08-16,S04,P701,121.0,104.81356245773796
2026-08-17,S04,P701,119.0,105.48069036092788
2026-08-18,S04,P701,122.0,110.21104120245654
2026-08-19,S04,P701,135.0,106.50444280106507
2026-08-20,S04,P701,133.0,109.85467599839453
2026-08-21,S04,P701,121.0,122.09168556485879
2026-08-22,S04,P701,115.0,113.957128712571
2026-08-23,S04,P701,116.0,121.21013653364137
2026-08-24,S04,P701,113.0,115.22223613663314
2026-08-13,S04,P702,213.0,217.8501371538554
2026-08-14,S04,P702,214.0,219.65900261143076
2026-08-15,S04,P702,204.0,217.76070693936538
2026-08-16,S04,P702,195.0,220.03747041393999
2026-08-17,S04,P702,191.0,221.0427584424953
2026-08-18,S04,P702,206.0,222.42462249780823
2026-08-19,S04,P702,224.0,218.23353231827485
2026-08-20,S04,P702,228.0,218.96443681578867
2026-08-21,S04,P702,226.0,214.1764363695633
2026-08-22,S04,P702,231.0,215.80488983944502
2026-08-23,S04,P702,241.0,211.26192509344116
2026-08-24,S04,P702,239.0,226.54530072520282
2026-08-21,S04,P999,210.0,178.2349394332134
2026-08-22,S04,P999,204.0,175.87089172979722
2026-08-23,S04,P999,210.0,198.00994321925478
2026-08-24,S04,P999,213.0,205.80994624210948
