date,store_id,product_id,stockout_probability,stockout_prediction,actual_stockout_flag
2026-08-13,S01,P101,0.0029085486,0,0
2026-08-14,S01,P101,0.17860484,0,0
2026-08-15,S01,P101,0.97241265,1,1
2026-08-16,S01,P101,0.008860284,0,0
2026-08-17,S01,P101,0.002563664,0,0
2026-08-18,S01,P101,0.001587389,0,0
2026-08-19,S01,P101,0.002808207,0,0
2026-08-20,S01,P101,0.0042150817,0,0
2026-08-21,S01,P101,0.043244176,0,0
2026-08-22,S01,P101,0.8384076,1,0
2026-08-23,S01,P101,0.043829165,0,1
2026-08-24,S01,P101,0.0024000476,0,0
2026-08-25,S01,P101,0.0019124199,0,0
2026-08-26,S01,P101,0.0051498613,0,0
2026-08-27,S01,P101,0.003772871,0,0
2026-08-28,S01,P101,0.00812871,0,0
2026-08-29,S01,P101,0.6503793,1,0
2026-08-30,S01,P101,0.95466936,1,1
2026-08-31,S01,P101,0.0010169966,0,0
2026-08-13,S01,P102,0.0005838032,0,0
2026-08-14,S01,P102,0.0040199324,0,0
2026-08-15,S01,P102,0.039357085,0,0
2026-08-16,S01,P102,0.62646884,1,0
2026-08-17,S01,P102,0.8520605,1,1
2026-08-18,S01,P102,0.0044824206,0,0
2026-08-19,S01,P102,0.0013175072,0,0
2026-08-20,S01,P102,0.0024344318,0,0
2026-08-21,S01,P102,0.004983674,0,0
2026-08-22,S01,P102,0.43701228,0,0
2026-08-23,S01,P102,0.8964962,1,1
2026-08-24,S01,P102,0.039280042,0,0
2026-08-25,S01,P102,0.00080563937,0,0
2026-08-26,S01,P102,0.0033791277,0,0
2026-08-27,S01,P102,0.09450914,0,0
2026-08-28,S01,P102,0.18530534,0,0
2026-08-29,S01,P102,0.9509668,1,1
2026-08-30,S01,P102,0.402657,0,0
2026-08-31,S01,P102,0.00096245465,0,0
2026-08-13,S01,P201,0.14961416,0,0
2026-08-14,S01,P201,0.8458187,1,0
2026-08-15,S01,P201,0.96147335,1,1
2026-08-16,S01,P201,0.0019222568,0,0
2026-08-17,S01,P201,0.0014551814,0,0
2026-08-18,S01,P201,0.0010410293,0,0
2026-08-19,S01,P201,0.010023374,0,0
2026-08-20,S01,P201,0.01761117,0,0
2026-08-21,S01,P201,0.06969738,0,0
2026-08-22,S01,P201,0.9334638,1,1
2026-08-23,S01,P201,0.08786959,0,0
2026-08-24,S01,P201,0.009107391,0,0
2026-08-25,S01,P201,0.005838997,0,0
2026-08-26,S01,P201,0.15533517,0,0
2026-08-27,S01,P201,0.7956984,1,1
2026-08-28,S01,P201,0.0796209,0,0
2026-08-29,S01,P201,0.014880786,0,0
2026-08-30,S01,P201,0.013447795,0,0
2026-08-31,S01,P201,0.004530268,0,0
2026-08-13,S01,P205,0.004779809,0,0
2026-08-14,S01,P205,0.2293691,0,0
2026-08-15,S01,P205,0.93179256,1,1
2026-08-16,S01,P205,0.28669542,0,0
2026-08-17,S01,P205,0.00174897,0,0
2026-08-18,S01,P205,0.0009184255,0,0
2026-08-19,S01,P205,0.0130173415,0,0
2026-08-20,S01,P205,0.537937,1,0
2026-08-21,S01,P205,0.8099597,1,1
2026-08-22,S01,P205,0.40999871,0,0
2026-08-23,S01,P205,0.0012749122,0,0
2026-08-24,S01,P205,0.0034887844,0,0
2026-08-25,S01,P205,0.0032052975,0,0
2026-08-26,S01,P205,0.28633612,0,1
2026-08-27,S01,P205,0.31824192,0,0
2026-08-28,S01,P205,0.0054049236,0,0
2026-08-29,S01,P205,0.0015259949,0,0
2026-08-30,S01,P205,0.012757062,0,0
2026-08-31,S01,P205,0.0016133072,0,0
2026-08-13,S01,P330,0.0038499266,0,0
2026-08-14,S01,P330,0.007821678,0,0
2026-08-15,S01,P330,0.7092031,1,0
2026-08-16,S01,P330,0.84663534,1,1
2026-08-17,S01,P330,0.009016985,0,0
2026-08-18,S01,P330,0.0023529497,0,0
2026-08-19,S01,P330,0.0031089906,0,0
2026-08-20,S01,P330,0.0031764025,0,0
2026-08-21,S01,P330,0.02622743,0,0
2026-08-22,S01,P330,0.8817566,1,1
2026-08-23,S01,P330,0.61060923,1,0
2026-08-24,S01,P330,0.0016841302,0,0
2026-08-25,S01,P330,0.0020094756,0,0
2026-08-26,S01,P330,0.018467097,0,0
2026-08-27,S01,P330,0.3388774,0,0
2026-08-28,S01,P330,0.4274166,0,1
2026-08-29,S01,P330,0.15706895,0,0
2026-08-30,S01,P330,0.0030719668,0,0
2026-08-31,S01,P330,0.0014046136,0,0
2026-08-13,S01,P331,0.002334131,0,0
2026-08-14,S01,P331,0.02393988,0,0
2026-08-15,S01,P331,0.7360732,1,1
2026-08-16,S01,P331,0.7183314,1,0
2026-08-17,S01,P331,0.0009598754,0,0
2026-08-18,S01,P331,0.0009706199,0,0
2026-08-19,S01,P331,0.006045201,0,0
2026-08-20,S01,P331,0.011983012,0,0
2026-08-21,S01,P331,0.11962629,0,0
2026-08-22,S01,P331,0.8966561,1,1
2026-08-23,S01,P331,0.0071132607,0,0
2026-08-24,S01,P331,0.01815297,0,0
2026-08-25,S01,P331,0.03808712,0,0
2026-08-26,S01,P331,0.67264193,1,1
2026-08-27,S01,P331,0.2188834,0,0
2026-08-28,S01,P331,0.085841104,0,0
2026-08-29,S01,P331,0.14449936,0,0
2026-08-30,S01,P331,0.023249222,0,0
2026-08-31,S01,P331,0.050989196,0,0
2026-08-13,S01,P442,0.0006733044,0,0
2026-08-14,S01,P442,0.0023304028,0,0
2026-08-15,S01,P442,0.0052198954,0,0
2026-08-16,S01,P442,0.0100040315,0,0
2026-08-17,S01,P442,0.42705235,0,0
2026-08-18,S01,P442,0.9402123,1,1
2026-08-19,S01,P442,0.032207523,0,0
2026-08-20,S01,P442,0.0012290775,0,0
2026-08-21,S01,P442,0.0013235675,0,0
2026-08-22,S01,P442,0.003433041,0,0
2026-08-23,S01,P442,0.00487997,0,0
2026-08-24,S01,P442,0.28467402,0,0
2026-08-25,S01,P442,0.95920825,1,1
2026-08-26,S01,P442,0.006761247,0,0
2026-08-27,S01,P442,0.0024735748,0,0
2026-08-28,S01,P442,0.0019736814,0,0
2026-08-29,S01,P442,0.0353123,0,0
2026-08-30,S01,P442,0.638967,1,1
2026-08-31,S01,P442,0.15710749,0,0
2026-08-13,S01,P443,0.045739897,0,0
2026-08-14,S01,P443,0.7912111,1,1
2026-08-15,S01,P443,0.39409134,0,0
2026-08-16,S01,P443,0.0047133225,0,0
2026-08-17,S01,P443,0.0069163744,0,0
2026-08-18,S01,P443,0.0039237905,0,0
2026-08-19,S01,P443,0.1892912,0,0
2026-08-20,S01,P443,0.44712064,0,0
2026-08-21,S01,P443,0.8825734,1,1
2026-08-22,S01,P443,0.014599691,0,0
2026-08-23,S01,P443,0.004711464,0,0
2026-08-24,S01,P443,0.0083737355,0,0
2026-08-25,S01,P443,0.018394263,0,0
2026-08-26,S01,P443,0.80784756,1,1
2026-08-27,S01,P443,0.15800992,0,0
2026-08-28,S01,P443,0.29062116,0,0
2026-08-29,S01,P443,0.007543767,0,0
2026-08-30,S01,P443,0.011428414,0,0
2026-08-31,S01,P443,0.061822034,0,0
2026-08-13,S01,P501,0.0015695684,0,0
2026-08-14,S01,P501,0.0047471505,0,0
2026-08-15,S01,P501,0.09775735,0,0
2026-08-16,S01,P501,0.33902538,0,1
2026-08-17,S01,P501,0.26158306,0,0
2026-08-18,S01,P501,0.005442712,0,0
2026-08-19,S01,P501,0.0022822092,0,0
2026-08-20,S01,P501,0.002475995,0,0
2026-08-21,S01,P501,0.014962468,0,0
2026-08-22,S01,P501,0.60255134,1,0
2026-08-23,S01,P501,0.8827596,1,1
2026-08-24,S01,P501,0.055684425,0,0
2026-08-25,S01,P501,0.0003632812,0,0
2026-08-26,S01,P501,0.0036945655,0,0
2026-08-27,S01,P501,0.0055569215,0,0
2026-08-28,S01,P501,0.07641456,0,0
2026-08-29,S01,P501,0.77303624,1,1
2026-08-30,S01,P501,0.06853852,0,0
2026-08-31,S01,P501,0.0012559049,0,0
2026-08-13,S01,P502,0.0031016795,0,0
2026-08-14,S01,P502,0.0022779831,0,0
2026-08-15,S01,P502,0.21469194,0,0
2026-08-16,S01,P502,0.45854902,0,0
2026-08-17,S01,P502,0.002484182,0,0
2026-08-18,S01,P502,0.0016991566,0,0
2026-08-19,S01,P502,0.006314864,0,0
2026-08-20,S01,P502,0.04574831,0,0
2026-08-21,S01,P502,0.41048592,0,0
2026-08-22,S01,P502,0.74875695,1,1
2026-08-23,S01,P502,0.0021356205,0,0
2026-08-24,S01,P502,0.0013269274,0,0
2026-08-25,S01,P502,0.0020006,0,0
2026-08-26,S01,P502,0.08390652,0,0
2026-08-27,S01,P502,0.77136546,1,1
2026-08-28,S01,P502,0.20295328,0,0
2026-08-29,S01,P502,0.0054464536,0,0
2026-08-30,S01,P502,0.0028587051,0,0
2026-08-31,S01,P502,0.011130475,0,0
2026-08-13,S01,P601,0.0013163948,0,0
2026-08-14,S01,P601,0.004366041,0,0
2026-08-15,S01,P601,0.052198574,0,0
2026-08-16,S01,P601,0.57195276,1,1
2026-08-17,S01,P601,0.4358568,0,0
2026-08-18,S01,P601,0.00096039183,0,0
2026-08-19,S01,P601,0.0024431963,0,0
2026-08-20,S01,P601,0.0071324045,0,0
2026-08-21,S01,P601,0.026887896,0,0
2026-08-22,S01,P601,0.08636456,0,0
2026-08-23,S01,P601,0.8640924,1,1
2026-08-24,S01,P601,0.09263412,0,0
2026-08-25,S01,P601,0.00068733934,0,0
2026-08-26,S01,P601,0.0011085073,0,0
2026-08-27,S01,P601,0.0020401934,0,0
2026-08-28,S01,P601,0.010388956,0,0
2026-08-29,S01,P601,0.06747805,0,0
2026-08-30,S01,P601,0.76602316,1,1
2026-08-31,S01,P601,0.051476873,0,0
2026-08-13,S01,P701,0.03342644,0,0
2026-08-14,S01,P701,0.007988267,0,0
2026-08-15,S01,P701,0.0047024055,0,0
2026-08-16,S01,P701,0.0060757827,0,0
2026-08-17,S01,P701,0.024298092,0,0
2026-08-18,S01,P701,0.5568141,1,0
2026-08-19,S01,P701,0.5736193,1,0
2026-08-20,S01,P701,0.0010372022,0,0
2026-08-21,S01,P701,0.003533926,0,0
2026-08-22,S01,P701,0.016513256,0,0
2026-08-23,S01,P701,0.5118676,1,1
2026-08-24,S01,P701,0.045335725,0,0
2026-08-25,S01,P701,0.00221932,0,0
2026-08-26,S01,P701,0.009877906,0,0
2026-08-27,S01,P701,0.11463361,0,0
2026-08-28,S01,P701,0.2076042,0,0
2026-08-29,S01,P701,0.8506561,1,1
2026-08-30,S01,P701,0.0206953,0,0
2026-08-31,S01,P701,0.0004073898,0,0
2026-08-13,S01,P702,0.0013100441,0,0
2026-08-14,S01,P702,0.002891006,0,0
2026-08-15,S01,P702,0.009713979,0,0
2026-08-16,S01,P702,0.0070883394,0,0
2026-08-17,S01,P702,0.40126893,0,0
2026-08-18,S01,P702,0.25141457,0,1
2026-08-19,S01,P702,0.29614872,0,0
2026-08-20,S01,P702,0.0018075412,0,0
2026-08-21,S01,P702,0.0020449103,0,0
2026-08-22,S01,P702,0.0052701705,0,0
2026-08-23,S01,P702,0.015520797,0,0
2026-08-24,S01,P702,0.022814592,0,0
2026-08-25,S01,P702,0.3750767,0,1
2026-08-26,S01,P702,0.012971674,0,0
2026-08-27,S01,P702,0.0054038777,0,0
2026-08-28,S01,P702,0.008812546,0,0
2026-08-29,S01,P702,0.037818752,0,0
2026-08-30,S01,P702,0.5763054,1,0
2026-08-31,S01,P702,0.32870883,0,1
2026-08-21,S01,P999,0.42350775,0,0
2026-08-22,S01,P999,0.8338317,1,0
2026-08-23,S01,P999,0.8999905,1,1
2026-08-24,S01,P999,0.00042460317,0,0
2026-08-25,S01,P999,0.018975645,0,0
2026-08-26,S01,P999,0.47482988,0,0
2026-08-27,S01,P999,0.4817067,0,0
2026-08-28,S01,P999,0.15414311,0,1
2026-08-29,S01,P999,0.045630623,0,0
2026-08-30,S01,P999,0.058898903,0,0
2026-08-31,S01,P999,0.0021624556,0,0
2026-08-13,S02,P101,0.02402536,0,0
2026-08-14,S02,P101,0.88953024,1,0
2026-08-15,S02,P101,0.9119794,1,1
2026-08-16,S02,P101,0.011298956,0,0
2026-08-17,S02,P101,0.0072260727,0,0
2026-08-18,S02,P101,0.0021488091,0,0
2026-08-19,S02,P101,0.06677114,0,0
2026-08-20,S02,P101,0.057495374,0,0
2026-08-21,S02,P101,0.6802951,1,1
2026-08-22,S02,P101,0.76665,1,0
2026-08-23,S02,P101,0.0019922527,0,0
2026-08-24,S02,P101,0.0012804894,0,0
2026-08-25,S02,P101,0.0062530325,0,0
2026-08-26,S02,P101,0.40041363,0,1
2026-08-27,S02,P101,0.19900644,0,0
2026-08-28,S02,P101,0.06010005,0,0
2026-08-29,S02,P101,0.002982761,0,0
2026-08-30,S02,P101,0.002208537,0,0
2026-08-31,S02,P101,0.027183987,0,0
2026-08-13,S02,P102,0.0015674521,0,0
2026-08-14,S02,P102,0.0032705723,0,0
2026-08-15,S02,P102,0.0066759153,0,0
2026-08-16,S02,P102,0.13481508,0,0
2026-08-17,S02,P102,0.8108036,1,1
2026-08-18,S02,P102,0.048784994,0,0
2026-08-19,S02,P102,0.0007652511,0,0
2026-08-20,S02,P102,0.0029534358,0,0
2026-08-21,S02,P102,0.0031040052,0,0
2026-08-22,S02,P102,0.008168517,0,0
2026-08-23,S02,P102,0.90510607,1,1
2026-08-24,S02,P102,0.6649689,1,0
2026-08-25,S02,P102,0.004890924,0,0
2026-08-26,S02,P102,0.0030667128,0,0
2026-08-27,S02,P102,0.009614137,0,0
2026-08-28,S02,P102,0.06885713,0,0
2026-08-29,S02,P102,0.85898757,1,1
2026-08-30,S02,P102,0.14244947,0,0
2026-08-31,S02,P102,0.0011116941,0,0
2026-08-13,S02,P201,0.03402529,0,0
2026-08-14,S02,P201,0.02451552,0,0
2026-08-15,S02,P201,0.14866096,0,0
2026-08-16,S02,P201,0.95663327,1,1
2026-08-17,S02,P201,0.0029783782,0,0
2026-08-18,S02,P201,0.00076854817,0,0
2026-08-19,S02,P201,0.003357877,0,0
2026-08-20,S02,P201,0.0058844066,0,0
2026-08-21,S02,P201,0.005572976,0,0
2026-08-22,S02,P201,0.29033566,0,0
2026-08-23,S02,P201,0.9916304,1,1
2026-08-24,S02,P201,0.0014261173,0,0
2026-08-25,S02,P201,0.001275842,0,0
2026-08-26,S02,P201,0.017826917,0,0
2026-08-27,S02,P201,0.10943111,0,0
2026-08-28,S02,P201,0.14202946,0,0
2026-08-29,S02,P201,0.48198035,0,1
2026-08-30,S02,P201,0.100564204,0,0
2026-08-31,S02,P201,0.000845148,0,0
2026-08-13,S02,P205,0.0016264407,0,0
2026-08-14,S02,P205,0.0012172189,0,0
2026-08-15,S02,P205,0.00078752823,0,0
2026-08-16,S02,P205,0.0115796495,0,0
2026-08-17,S02,P205,0.23148356,0,0
2026-08-18,S02,P205,0.9058818,1,1
2026-08-19,S02,P205,0.045608666,0,0
2026-08-20,S02,P205,0.0014183194,0,0
2026-08-21,S02,P205,0.0015418343,0,0
2026-08-22,S02,P205,0.002127447,0,0
2026-08-23,S02,P205,0.005926643,0,0
2026-08-24,S02,P205,0.07934654,0,0
2026-08-25,S02,P205,0.9512882,1,1
2026-08-26,S02,P205,0.0026027989,0,0
2026-08-27,S02,P205,0.011929706,0,0
2026-08-28,S02,P205,0.002398607,0,0
2026-08-29,S02,P205,0.0066465377,0,0
2026-08-30,S02,P205,0.29675585,0,1
2026-08-31,S02,P205,0.57122815,1,0
2026-08-13,S02,P330,0.013189391,0,0
2026-08-14,S02,P330,0.03163958,0,0
2026-08-15,S02,P330,0.38425916,0,1
2026-08-16,S02,P330,0.78545487,1,0
2026-08-17,S02,P330,0.0027413538,0,0
2026-08-18,S02,P330,0.009097228,0,0
2026-08-19,S02,P330,0.03288097,0,0
2026-08-20,S02,P330,0.01876241,0,0
2026-08-21,S02,P330,0.8559958,1,1
2026-08-22,S02,P330,0.48333615,0,0
2026-08-23,S02,P330,0.0017886959,0,0
2026-08-24,S02,P330,0.0060940376,0,0
2026-08-25,S02,P330,0.022274703,0,0
2026-08-26,S02,P330,0.11167372,0,0
2026-08-27,S02,P330,0.6120093,1,1
2026-08-28,S02,P330,0.35316417,0,0
2026-08-29,S02,P330,0.0012932122,0,0
2026-08-30,S02,P330,0.012603509,0,0
2026-08-31,S02,P330,0.015042256,0,0
2026-08-13,S02,P331,0.0038079836,0,0
2026-08-14,S02,P331,0.03375913,0,0
2026-08-15,S02,P331,0.06786045,0,1
2026-08-16,S02,P331,0.8798997,1,0
2026-08-17,S02,P331,0.0038324415,0,0
2026-08-18,S02,P331,0.0012511881,0,0
2026-08-19,S02,P331,0.006567484,0,0
2026-08-20,S02,P331,0.08470109,0,0
2026-08-21,S02,P331,0.08947297,0,1
2026-08-22,S02,P331,0.83004993,1,0
2026-08-23,S02,P331,0.0015216506,0,0
2026-08-24,S02,P331,0.0037452532,0,0
2026-08-25,S02,P331,0.004797029,0,0
2026-08-26,S02,P331,0.89798397,1,1
2026-08-27,S02,P331,0.098453365,0,0
2026-08-28,S02,P331,0.06707486,0,0
2026-08-29,S02,P331,0.0041531227,0,0
2026-08-30,S02,P331,0.008172323,0,0
2026-08-31,S02,P331,0.04311333,0,0
2026-08-13,S02,P442,0.89009345,1,1
2026-08-14,S02,P442,0.051970012,0,0
2026-08-15,S02,P442,0.004025033,0,0
2026-08-16,S02,P442,0.0044519035,0,0
2026-08-17,S02,P442,0.0023347994,0,0
2026-08-18,S02,P442,0.2200543,0,0
2026-08-19,S02,P442,0.6690102,1,1
2026-08-20,S02,P442,0.58348,1,0
2026-08-21,S02,P442,0.003690773,0,0
2026-08-22,S02,P442,0.0028737863,0,0
2026-08-23,S02,P442,0.0043809577,0,0
2026-08-24,S02,P442,0.045650817,0,0
2026-08-25,S02,P442,0.35965934,0,1
2026-08-26,S02,P442,0.3317729,0,0
2026-08-27,S02,P442,0.0075599635,0,0
2026-08-28,S02,P442,0.0037260498,0,0
2026-08-29,S02,P442,0.003946003,0,0
2026-08-30,S02,P442,0.09837344,0,0
2026-08-31,S02,P442,0.569202,1,1
2026-08-13,S02,P443,0.8533047,1,1
2026-08-14,S02,P443,0.099666655,0,0
2026-08-15,S02,P443,0.004118334,0,0
2026-08-16,S02,P443,0.010546711,0,0
2026-08-17,S02,P443,0.007318246,0,0
2026-08-18,S02,P443,0.007880986,0,0
2026-08-19,S02,P443,0.91951615,1,1
2026-08-20,S02,P443,0.8804087,1,0
2026-08-21,S02,P443,0.012212204,0,0
2026-08-22,S02,P443,0.005332868,0,0
2026-08-23,S02,P443,0.006770732,0,0
2026-08-24,S02,P443,0.006049257,0,0
2026-08-25,S02,P443,0.42935124,0,1
2026-08-26,S02,P443,0.9281857,1,0
2026-08-27,S02,P443,0.01492083,0,0
2026-08-28,S02,P443,0.009891944,0,0
2026-08-29,S02,P443,0.004839975,0,0
2026-08-30,S02,P443,0.13299112,0,1
2026-08-31,S02,P443,0.089783594,0,0
2026-08-13,S02,P501,0.37285936,0,0
2026-08-14,S02,P501,0.8121167,1,1
2026-08-15,S02,P501,0.014669587,0,0
2026-08-16,S02,P501,0.0028903105,0,0
2026-08-17,S02,P501,0.00077487284,0,0
2026-08-18,S02,P501,0.0010459243,0,0
2026-08-19,S02,P501,0.054715816,0,0
2026-08-20,S02,P501,0.011950019,0,0
2026-08-21,S02,P501,0.7842912,1,1
2026-08-22,S02,P501,0.58708924,1,0
2026-08-23,S02,P501,0.0021713555,0,0
2026-08-24,S02,P501,0.0025833752,0,0
2026-08-25,S02,P501,0.0017257959,0,0
2026-08-26,S02,P501,0.048606105,0,0
2026-08-27,S02,P501,0.6436348,1,1
2026-08-28,S02,P501,0.072169356,0,0
2026-08-29,S02,P501,0.0016212797,0,0
2026-08-30,S02,P501,0.0040881843,0,0
2026-08-31,S02,P501,0.004088621,0,0
2026-08-13,S02,P502,0.0013943294,0,0
2026-08-14,S02,P502,0.0037739647,0,0
2026-08-15,S02,P502,0.07929227,0,1
2026-08-16,S02,P502,0.4216108,0,0
2026-08-17,S02,P502,0.00045187285,0,0
2026-08-18,S02,P502,0.0010113424,0,0
2026-08-19,S02,P502,0.0030100958,0,0
2026-08-20,S02,P502,0.00562151,0,0
2026-08-21,S02,P502,0.015528055,0,0
2026-08-22,S02,P502,0.9400166,1,1
2026-08-23,S02,P502,0.049572755,0,0
2026-08-24,S02,P502,0.0033390422,0,0
2026-08-25,S02,P502,0.0021988363,0,0
2026-08-26,S02,P502,0.054569155,0,0
2026-08-27,S02,P502,0.28756988,0,1
2026-08-28,S02,P502,0.20505752,0,0
2026-08-29,S02,P502,0.11855254,0,0
2026-08-30,S02,P502,0.022184718,0,0
2026-08-31,S02,P502,0.006282958,0,0
2026-08-13,S02,P601,0.05929993,0,0
2026-08-14,S02,P601,0.0010172452,0,0
2026-08-15,S02,P601,0.0010193086,0,0
2026-08-16,S02,P601,0.0043705683,0,0
2026-08-17,S02,P601,0.0041080443,0,0
2026-08-18,S02,P601,0.02642149,0,0
2026-08-19,S02,P601,0.9542872,1,1
2026-08-20,S02,P601,0.05058753,0,0
2026-08-21,S02,P601,0.0010205694,0,0
2026-08-22,S02,P601,0.0016107768,0,0
2026-08-23,S02,P601,0.010619549,0,0
2026-08-24,S02,P601,0.024276385,0,0
2026-08-25,S02,P601,0.28241736,0,1
2026-08-26,S02,P601,0.8621436,1,0
2026-08-27,S02,P601,0.011753719,0,0
2026-08-28,S02,P601,0.021586077,0,0
2026-08-29,S02,P601,0.02154252,0,0
2026-08-30,S02,P601,0.66055334,1,0
2026-08-31,S02,P601,0.6762369,1,1
2026-08-13,S02,P701,0.032895673,0,0
2026-08-14,S02,P701,0.004170284,0,0
2026-08-15,S02,P701,0.0034848663,0,0
2026-08-16,S02,P701,0.24654205,0,0
2026-08-17,S02,P701,0.63444054,1,1
2026-08-18,S02,P701,0.094584346,0,0
2026-08-19,S02,P701,0.0023099487,0,0
2026-08-20,S02,P701,0.0026626051,0,0
2026-08-21,S02,P701,0.003353858,0,0
2026-08-22,S02,P701,0.025823077,0,0
2026-08-23,S02,P701,0.049117323,0,0
2026-08-24,S02,P701,0.65442353,1,1
2026-08-25,S02,P701,0.16929579,0,0
2026-08-26,S02,P701,0.003202176,0,0
2026-08-27,S02,P701,0.0031167634,0,0
2026-08-28,S02,P701,0.009033097,0,0
2026-08-29,S02,P701,0.074421845,0,0
2026-08-30,S02,P701,0.9190495,1,1
2026-08-31,S02,P701,0.04944862,0,0
2026-08-13,S02,P702,0.27513075,0,0
2026-08-14,S02,P702,0.9078335,1,1
2026-08-15,S02,P702,0.0042991247,0,0
2026-08-16,S02,P702,0.0012144385,0,0
2026-08-17,S02,P702,0.0028545044,0,0
2026-08-18,S02,P702,0.0028135853,0,0
2026-08-19,S02,P702,0.015144227,0,0
2026-08-20,S02,P702,0.32763207,0,0
2026-08-21,S02,P702,0.8541096,1,1
2026-08-22,S02,P702,0.049317654,0,0
2026-08-23,S02,P702,0.0016656765,0,0
2026-08-24,S02,P702,0.0030193226,0,0
2026-08-25,S02,P702,0.002891772,0,0
2026-08-26,S02,P702,0.07418184,0,1
2026-08-27,S02,P702,0.17042129,0,0
2026-08-28,S02,P702,0.08251061,0,0
2026-08-29,S02,P702,0.0036976966,0,0
2026-08-30,S02,P702,0.006400979,0,0
2026-08-31,S02,P702,0.011315696,0,0
2026-08-21,S02,P999,0.11104414,0,0
2026-08-22,S02,P999,0.08955231,0,0
2026-08-23,S02,P999,0.25500208,0,0
2026-08-24,S02,P999,0.19526444,0,0
2026-08-25,S02,P999,0.091610216,0,0
2026-08-26,S02,P999,0.82190925,1,1
2026-08-27,S02,P999,0.0042665973,0,0
2026-08-28,S02,P999,0.0012284606,0,0
2026-08-29,S02,P999,0.0061139576,0,0
2026-08-30,S02,P999,0.0036440855,0,0
2026-08-31,S02,P999,0.004428237,0,0
2026-08-13,S03,P101,0.0015915238,0,0
2026-08-14,S03,P101,0.0020171423,0,0
2026-08-15,S03,P101,0.017834041,0,0
2026-08-16,S03,P101,0.13503258,0,0
2026-08-17,S03,P101,0.9099795,1,1
2026-08-18,S03,P101,0.7011004,1,0
2026-08-19,S03,P101,0.0011199724,0,0
2026-08-20,S03,P101,0.002184753,0,0
2026-08-21,S03,P101,0.010527238,0,0
2026-08-22,S03,P101,0.036677316,0,0
2026-08-23,S03,P101,0.9056564,1,1
2026-08-24,S03,P101,0.12822194,0,0
2026-08-25,S03,P101,0.0011036851,0,0
2026-08-26,S03,P101,0.0021052724,0,0
2026-08-27,S03,P101,0.043744937,0,0
2026-08-28,S03,P101,0.46215028,0,0
2026-08-29,S03,P101,0.9352892,1,1
2026-08-30,S03,P101,0.0612786,0,0
2026-08-31,S03,P101,0.0017689562,0,0
2026-08-13,S03,P102,0.023885649,0,0
2026-08-14,S03,P102,0.093029745,0,0
2026-08-15,S03,P102,0.4203577,0,1
2026-08-16,S03,P102,0.03200351,0,0
2026-08-17,S03,P102,0.00034702523,0,0
2026-08-18,S03,P102,0.00057466567,0,0
2026-08-19,S03,P102,0.0035472026,0,0
2026-08-20,S03,P102,0.041743554,0,0
2026-08-21,S03,P102,0.31514198,0,0
2026-08-22,S03,P102,0.67650586,1,1
2026-08-23,S03,P102,0.017449465,0,0
2026-08-24,S03,P102,0.00033331278,0,0
2026-08-25,S03,P102,0.00022672948,0,0
2026-08-26,S03,P102,0.006178404,0,0
2026-08-27,S03,P102,0.46240115,0,0
2026-08-28,S03,P102,0.3102952,0,1
2026-08-29,S03,P102,0.19384913,0,0
2026-08-30,S03,P102,0.0023126176,0,0
2026-08-31,S03,P102,0.001957833,0,0
2026-08-13,S03,P201,0.42967013,0,0
2026-08-14,S03,P201,0.009627144,0,0
2026-08-15,S03,P201,0.0009995179,0,0
2026-08-16,S03,P201,0.0045168432,0,0
2026-08-17,S03,P201,0.022273747,0,0
2026-08-18,S03,P201,0.46270728,0,0
2026-08-19,S03,P201,0.8132042,1,1
2026-08-20,S03,P201,0.012552418,0,0
2026-08-21,S03,P201,0.001835826,0,0
2026-08-22,S03,P201,0.0009781735,0,0
2026-08-23,S03,P201,0.0037967598,0,0
2026-08-24,S03,P201,0.009419342,0,0
2026-08-25,S03,P201,0.18781704,0,1
2026-08-26,S03,P201,0.012680826,0,0
2026-08-27,S03,P201,0.0015216708,0,0
2026-08-28,S03,P201,0.0012803497,0,0
2026-08-29,S03,P201,0.0037059921,0,0
2026-08-30,S03,P201,0.03677825,0,0
2026-08-31,S03,P201,0.51054513,1,0
2026-08-13,S03,P205,0.00020509666,0,0
2026-08-14,S03,P205,0.00036054984,0,0
2026-08-15,S03,P205,0.0017983221,0,0
2026-08-16,S03,P205,0.034267474,0,0
2026-08-17,S03,P205,0.05702442,0,0
2026-08-18,S03,P205,0.8620567,1,0
2026-08-19,S03,P205,0.27051744,0,0
2026-08-20,S03,P205,0.0021639266,0,0
2026-08-21,S03,P205,0.00083137373,0,0
2026-08-22,S03,P205,0.0006322396,0,0
2026-08-23,S03,P205,0.18514395,0,0
2026-08-24,S03,P205,0.7998921,1,1
2026-08-25,S03,P205,0.008327375,0,0
2026-08-26,S03,P205,0.000607554,0,0
2026-08-27,S03,P205,0.0132173905,0,0
2026-08-28,S03,P205,0.05733183,0,0
2026-08-29,S03,P205,0.18882404,0,0
2026-08-30,S03,P205,0.53411156,1,1
2026-08-31,S03,P205,0.006585649,0,0
2026-08-13,S03,P330,0.0068768505,0,0
2026-08-14,S03,P330,0.006191441,0,0
2026-08-15,S03,P330,0.25870472,0,0
2026-08-16,S03,P330,0.991297,1,1
2026-08-17,S03,P330,0.0008575312,0,0
2026-08-18,S03,P330,0.0006222513,0,0
2026-08-19,S03,P330,0.002189144,0,0
2026-08-20,S03,P330,0.0018210592,0,0
2026-08-21,S03,P330,0.018160196,0,0
2026-08-22,S03,P330,0.32291722,0,0
2026-08-23,S03,P330,0.7547142,1,1
2026-08-24,S03,P330,0.006807057,0,0
2026-08-25,S03,P330,0.0008787057,0,0
2026-08-26,S03,P330,0.0030467354,0,0
2026-08-27,S03,P330,0.040629584,0,0
2026-08-28,S03,P330,0.03322772,0,0
2026-08-29,S03,P330,0.816487,1,1
2026-08-30,S03,P330,0.69000554,1,0
2026-08-31,S03,P330,0.0012621424,0,0
2026-08-13,S03,P331,0.93573135,1,1
2026-08-14,S03,P331,0.0037104597,0,0
2026-08-15,S03,P331,0.0014681966,0,0
2026-08-16,S03,P331,0.0013644946,0,0
2026-08-17,S03,P331,0.0016054813,0,0
2026-08-18,S03,P331,0.0025997346,0,0
2026-08-19,S03,P331,0.5073167,1,0
2026-08-20,S03,P331,0.9126173,1,1
2026-08-21,S03,P331,0.028372638,0,0
2026-08-22,S03,P331,0.00057059765,0,0
2026-08-23,S03,P331,0.0017209296,0,0
2026-08-24,S03,P331,0.0038579046,0,0
2026-08-25,S03,P331,0.084447175,0,0
2026-08-26,S03,P331,0.8294037,1,1
2026-08-27,S03,P331,0.03639135,0,0
2026-08-28,S03,P331,0.0011600505,0,0
2026-08-29,S03,P331,0.0020786794,0,0
2026-08-30,S03,P331,0.08029091,0,0
2026-08-31,S03,P331,0.19273964,0,0
2026-08-13,S03,P442,0.9557483,1,1
2026-08-14,S03,P442,0.030623434,0,0
2026-08-15,S03,P442,0.0021029287,0,0
2026-08-16,S03,P442,0.0036893091,0,0
2026-08-17,S03,P442,0.004407539,0,0
2026-08-18,S03,P442,0.015766518,0,0
2026-08-19,S03,P442,0.3691343,0,0
2026-08-20,S03,P442,0.9785083,1,1
2026-08-21,S03,P442,0.00028720847,0,0
2026-08-22,S03,P442,0.003600637,0,0
2026-08-23,S03,P442,0.0035325007,0,0
2026-08-24,S03,P442,0.004748498,0,0
2026-08-25,S03,P442,0.13576357,0,0
2026-08-26,S03,P442,0.6331504,1,1
2026-08-27,S03,P442,0.003939037,0,0
2026-08-28,S03,P442,0.006626021,0,0
2026-08-29,S03,P442,0.0023797704,0,0
2026-08-30,S03,P442,0.01315512,0,0
2026-08-31,S03,P442,0.07949254,0,0
2026-08-13,S03,P443,0.9573638,1,1
2026-08-14,S03,P443,0.0063448083,0,0
2026-08-15,S03,P443,0.0019171432,0,0
2026-08-16,S03,P443,0.0037536498,0,0
2026-08-17,S03,P443,0.0025977446,0,0
2026-08-18,S03,P443,0.007706685,0,0
2026-08-19,S03,P443,0.22030993,0,0
2026-08-20,S03,P443,0.97495973,1,1
2026-08-21,S03,P443,0.03193959,0,0
2026-08-22,S03,P443,0.0017026026,0,0
2026-08-23,S03,P443,0.0028147856,0,0
2026-08-24,S03,P443,0.002312174,0,0
2026-08-25,S03,P443,0.01458031,0,0
2026-08-26,S03,P443,0.7805999,1,1
2026-08-27,S03,P443,0.0011857192,0,0
2026-08-28,S03,P443,0.0022758425,0,0
2026-08-29,S03,P443,0.0023015474,0,0
2026-08-30,S03,P443,0.004745844,0,0
2026-08-31,S03,P443,0.007944245,0,0
2026-08-13,S03,P501,0.6209083,1,1
2026-08-14,S03,P501,0.07472745,0,0
2026-08-15,S03,P501,0.003536113,0,0
2026-08-16,S03,P501,0.018343182,0,0
2026-08-17,S03,P501,0.187816,0,0
2026-08-18,S03,P501,0.13789293,0,0
2026-08-19,S03,P501,0.7094014,1,1
2026-08-20,S03,P501,0.09755767,0,0
2026-08-21,S03,P501,0.010639277,0,0
2026-08-22,S03,P501,0.008063083,0,0
2026-08-23,S03,P501,0.015286997,0,0
2026-08-24,S03,P501,0.08827938,0,0
2026-08-25,S03,P501,0.14853846,0,1
2026-08-26,S03,P501,0.0786001,0,0
2026-08-27,S03,P501,0.0032200315,0,0
2026-08-28,S03,P501,0.041879904,0,0
2026-08-29,S03,P501,0.015497062,0,0
2026-08-30,S03,P501,0.17029591,0,0
2026-08-31,S03,P501,0.24284273,0,1
2026-08-13,S03,P502,0.91521376,1,1
2026-08-14,S03,P502,0.035145745,0,0
2026-08-15,S03,P502,0.0005690647,0,0
2026-08-16,S03,P502,0.0011475929,0,0
2026-08-17,S03,P502,0.0018171689,0,0
2026-08-18,S03,P502,0.15935862,0,0
2026-08-19,S03,P502,0.90868056,1,1
2026-08-20,S03,P502,0.57430077,1,0
2026-08-21,S03,P502,0.00086141756,0,0
2026-08-22,S03,P502,0.0010427764,0,0
2026-08-23,S03,P502,0.0041864146,0,0
2026-08-24,S03,P502,0.02717678,0,0
2026-08-25,S03,P502,0.07109843,0,1
2026-08-26,S03,P502,0.40291104,0,0
2026-08-27,S03,P502,0.0016962358,0,0
2026-08-28,S03,P502,0.0023111228,0,0
2026-08-29,S03,P502,0.0038167597,0,0
2026-08-30,S03,P502,0.30365357,0,0
2026-08-31,S03,P502,0.45291954,0,0
2026-08-13,S03,P601,0.02123831,0,0
2026-08-14,S03,P601,0.049176104,0,0
2026-08-15,S03,P601,0.5335067,1,0
2026-08-16,S03,P601,0.3320015,0,1
2026-08-17,S03,P601,0.013469518,0,0
2026-08-18,S03,P601,0.002072684,0,0
2026-08-19,S03,P601,0.0027882578,0,0
2026-08-20,S03,P601,0.01839484,0,0
2026-08-21,S03,P601,0.6114663,1,0
2026-08-22,S03,P601,0.6541728,1,1
2026-08-23,S03,P601,0.4321202,0,0
2026-08-24,S03,P601,0.0017539138,0,0
2026-08-25,S03,P601,0.0017227139,0,0
2026-08-26,S03,P601,0.4218757,0,0
2026-08-27,S03,P601,0.59194475,1,1
2026-08-28,S03,P601,0.1077446,0,0
2026-08-29,S03,P601,0.0033634189,0,0
2026-08-30,S03,P601,0.021271443,0,0
2026-08-31,S03,P601,0.01376804,0,0
2026-08-13,S03,P701,0.044190973,0,0
2026-08-14,S03,P701,0.0026023658,0,0
2026-08-15,S03,P701,0.10948296,0,0
2026-08-16,S03,P701,0.20130718,0,0
2026-08-17,S03,P701,0.5871211,1,1
2026-08-18,S03,P701,0.009441961,0,0
2026-08-19,S03,P701,0.0011994404,0,0
2026-08-20,S03,P701,0.0015615367,0,0
2026-08-21,S03,P701,0.0034344038,0,0
2026-08-22,S03,P701,0.013338502,0,0
2026-08-23,S03,P701,0.17810413,0,0
2026-08-24,S03,P701,0.54109937,1,0
2026-08-25,S03,P701,0.33488432,0,1
2026-08-26,S03,P701,0.026160793,0,0
2026-08-27,S03,P701,0.011311605,0,0
2026-08-28,S03,P701,0.05770894,0,0
2026-08-29,S03,P701,0.098207824,0,0
2026-08-30,S03,P701,0.3602964,0,1
2026-08-31,S03,P701,0.01767277,0,0
2026-08-13,S03,P702,0.00096091395,0,0
2026-08-14,S03,P702,0.0016824867,0,0
2026-08-15,S03,P702,0.14043175,0,0
2026-08-16,S03,P702,0.8499506,1,0
2026-08-17,S03,P702,0.8612219,1,1
2026-08-18,S03,P702,0.005515571,0,0
2026-08-19,S03,P702,0.00081695605,0,0
2026-08-20,S03,P702,0.00088318135,0,0
2026-08-21,S03,P702,0.0017136844,0,0
2026-08-22,S03,P702,0.0036743276,0,0
2026-08-23,S03,P702,0.2325061,0,0
2026-08-24,S03,P702,0.4486285,0,0
2026-08-25,S03,P702,0.80434954,1,1
2026-08-26,S03,P702,0.0018017612,0,0
2026-08-27,S03,P702,0.0015874828,0,0
2026-08-28,S03,P702,0.00373746,0,0
2026-08-29,S03,P702,0.10882839,0,0
2026-08-30,S03,P702,0.5458014,1,0
2026-08-31,S03,P702,0.6535756,1,1
2026-08-21,S03,P999,0.12677103,0,0
2026-08-22,S03,P999,0.0016237986,0,0
2026-08-23,S03,P999,0.0038236696,0,0
2026-08-24,S03,P999,0.003668312,0,0
2026-08-25,S03,P999,0.019040387,0,0
2026-08-26,S03,P999,0.5336666,1,0
2026-08-27,S03,P999,0.8445809,1,0
2026-08-28,S03,P999,0.2332853,0,1
2026-08-29,S03,P999,0.13524622,0,0
2026-08-30,S03,P999,0.0033635485,0,0
2026-08-31,S03,P999,0.004510456,0,0
2026-08-13,S04,P101,0.001136137,0,0
2026-08-14,S04,P101,0.0008102445,0,0
2026-08-15,S04,P101,0.0026564368,0,0
2026-08-16,S04,P101,0.040571418,0,0
2026-08-17,S04,P101,0.8521053,1,1
2026-08-18,S04,P101,0.069451675,0,0
2026-08-19,S04,P101,0.0030872123,0,0
2026-08-20,S04,P101,0.003106801,0,0
2026-08-21,S04,P101,0.0025335709,0,0
2026-08-22,S04,P101,0.00908402,0,0
2026-08-23,S04,P101,0.86287034,1,1
2026-08-24,S04,P101,0.10229746,0,0
2026-08-25,S04,P101,0.0016441324,0,0
2026-08-26,S04,P101,0.0021291452,0,0
2026-08-27,S04,P101,0.009056903,0,0
2026-08-28,S04,P101,0.17785707,0,0
2026-08-29,S04,P101,0.8802315,1,1
2026-08-30,S04,P101,0.012198539,0,0
2026-08-31,S04,P101,0.0020686619,0,0
2026-08-13,S04,P102,0.8774308,1,1
2026-08-14,S04,P102,0.025131682,0,0
2026-08-15,S04,P102,0.0007717075,0,0
2026-08-16,S04,P102,0.00024519433,0,0
2026-08-17,S04,P102,0.00871924,0,0
2026-08-18,S04,P102,0.03222035,0,0
2026-08-19,S04,P102,0.20263213,0,0
2026-08-20,S04,P102,0.9211855,1,1
2026-08-21,S04,P102,0.015661824,0,0
2026-08-22,S04,P102,0.00026175173,0,0
2026-08-23,S04,P102,0.00030767295,0,0
2026-08-24,S04,P102,0.0030013123,0,0
2026-08-25,S04,P102,0.042362325,0,0
2026-08-26,S04,P102,0.8345555,1,1
2026-08-27,S04,P102,0.0010876604,0,0
2026-08-28,S04,P102,0.0010571551,0,0
2026-08-29,S04,P102,0.002847611,0,0
2026-08-30,S04,P102,0.12495503,0,0
2026-08-31,S04,P102,0.33210933,0,0
2026-08-13,S04,P201,0.002432817,0,0
2026-08-14,S04,P201,0.0081864465,0,0
2026-08-15,S04,P201,0.23652487,0,0
2026-08-16,S04,P201,0.97334564,1,1
2026-08-17,S04,P201,0.037771285,0,0
2026-08-18,S04,P201,0.00072768243,0,0
2026-08-19,S04,P201,0.001382282,0,0
2026-08-20,S04,P201,0.002219223,0,0
2026-08-21,S04,P201,0.0025288647,0,0
2026-08-22,S04,P201,0.032417946,0,0
2026-08-23,S04,P201,0.9450864,1,1
2026-08-24,S04,P201,0.5679314,1,0
2026-08-25,S04,P201,0.0026398457,0,0
2026-08-26,S04,P201,0.0028785067,0,0
2026-08-27,S04,P201,0.01263008,0,0
2026-08-28,S04,P201,0.05035214,0,0
2026-08-29,S04,P201,0.7663045,1,1
2026-08-30,S04,P201,0.048911378,0,0
2026-08-31,S04,P201,0.0021195426,0,0
2026-08-13,S04,P205,0.041966252,0,0
2026-08-14,S04,P205,0.6327765,1,0
2026-08-15,S04,P205,0.73974603,1,1
2026-08-16,S04,P205,0.014798104,0,0
2026-08-17,S04,P205,0.003723311,0,0
2026-08-18,S04,P205,0.001955249,0,0
2026-08-19,S04,P205,0.042463876,0,0
2026-08-20,S04,P205,0.7735114,1,1
2026-08-21,S04,P205,0.6836484,1,0
2026-08-22,S04,P205,0.009042091,0,0
2026-08-23,S04,P205,0.019568177,0,0
2026-08-24,S04,P205,0.012290768,0,0
2026-08-25,S04,P205,0.014196316,0,0
2026-08-26,S04,P205,0.41513225,0,1
2026-08-27,S04,P205,0.0035225546,0,0
2026-08-28,S04,P205,0.00069624727,0,0
2026-08-29,S04,P205,0.002343993,0,0
2026-08-30,S04,P205,0.010078529,0,0
2026-08-31,S04,P205,0.04985476,0,0
2026-08-13,S04,P330,0.001967799,0,0
2026-08-14,S04,P330,0.00964358,0,0
2026-08-15,S04,P330,0.55560637,1,1
2026-08-16,S04,P330,0.800165,1,0
2026-08-17,S04,P330,0.0010079838,0,0
2026-08-18,S04,P330,0.0012030677,0,0
2026-08-19,S04,P330,0.0025558916,0,0
2026-08-20,S04,P330,0.0079043405,0,0
2026-08-21,S04,P330,0.432241,0,1
2026-08-22,S04,P330,0.7127513,1,0
2026-08-23,S04,P330,0.0022786919,0,0
2026-08-24,S04,P330,0.001501707,0,0
2026-08-25,S04,P330,0.0038674008,0,0
2026-08-26,S04,P330,0.078745164,0,1
2026-08-27,S04,P330,0.13114208,0,0
2026-08-28,S04,P330,0.034362834,0,0
2026-08-29,S04,P330,0.0019002851,0,0
2026-08-30,S04,P330,0.0031018166,0,0
2026-08-31,S04,P330,0.014795496,0,0
2026-08-13,S04,P331,0.68932784,1,1
2026-08-14,S04,P331,0.023159796,0,0
2026-08-15,S04,P331,0.00094229233,0,0
2026-08-16,S04,P331,0.004742822,0,0
2026-08-17,S04,P331,0.026898509,0,0
2026-08-18,S04,P331,0.20619155,0,0
2026-08-19,S04,P331,0.9367808,1,1
2026-08-20,S04,P331,0.66296923,1,0
2026-08-21,S04,P331,0.0020366944,0,0
2026-08-22,S04,P331,0.0017497153,0,0
2026-08-23,S04,P331,0.004157357,0,0
2026-08-24,S04,P331,0.012740503,0,0
2026-08-25,S04,P331,0.071833014,0,1
2026-08-26,S04,P331,0.84289837,1,0
2026-08-27,S04,P331,0.001258734,0,0
2026-08-28,S04,P331,0.0060330564,0,0
2026-08-29,S04,P331,0.04202417,0,0
2026-08-30,S04,P331,0.45112315,0,0
2026-08-31,S04,P331,0.1912326,0,1
2026-08-13,S04,P442,0.0025612253,0,0
2026-08-14,S04,P442,0.0019708965,0,0
2026-08-15,S04,P442,0.0037277318,0,0
2026-08-16,S04,P442,0.26129228,0,0
2026-08-17,S04,P442,0.9741287,1,1
2026-08-18,S04,P442,0.017944425,0,0
2026-08-19,S04,P442,0.0027757448,0,0
2026-08-20,S04,P442,0.0020922648,0,0
2026-08-21,S04,P442,0.005281697,0,0
2026-08-22,S04,P442,0.0738758,0,0
2026-08-23,S04,P442,0.8690855,1,1
2026-08-24,S04,P442,0.8988911,1,0
2026-08-25,S04,P442,0.006695194,0,0
2026-08-26,S04,P442,0.010648818,0,0
2026-08-27,S04,P442,0.07991893,0,0
2026-08-28,S04,P442,0.37472752,0,1
2026-08-29,S04,P442,0.089886665,0,0
2026-08-30,S04,P442,0.11639091,0,0
2026-08-31,S04,P442,0.002615945,0,0
2026-08-13,S04,P443,0.0017171868,0,0
2026-08-14,S04,P443,0.0020025575,0,0
2026-08-15,S04,P443,0.033223804,0,0
2026-08-16,S04,P443,0.094792366,0,1
2026-08-17,S04,P443,0.9565439,1,0
2026-08-18,S04,P443,0.0023788163,0,0
2026-08-19,S04,P443,0.0045908513,0,0
2026-08-20,S04,P443,0.0031639226,0,0
2026-08-21,S04,P443,0.017188974,0,0
2026-08-22,S04,P443,0.22691597,0,1
2026-08-23,S04,P443,0.43528226,0,0
2026-08-24,S04,P443,0.0019092215,0,0
2026-08-25,S04,P443,0.003791009,0,0
2026-08-26,S04,P443,0.015033546,0,0
2026-08-27,S04,P443,0.2267285,0,0
2026-08-28,S04,P443,0.57434803,1,1
2026-08-29,S04,P443,0.13644686,0,0
2026-08-30,S04,P443,0.0020115278,0,0
2026-08-31,S04,P443,0.00222223,0,0
2026-08-13,S04,P501,0.005722335,0,0
2026-08-14,S04,P501,0.00955758,0,0
2026-08-15,S04,P501,0.29210976,0,0
2026-08-16,S04,P501,0.46374103,0,1
2026-08-17,S04,P501,0.021192638,0,0
2026-08-18,S04,P501,0.005075289,0,0
2026-08-19,S04,P501,0.0060184076,0,0
2026-08-20,S04,P501,0.006051066,0,0
2026-08-21,S04,P501,0.08343625,0,0
2026-08-22,S04,P501,0.677621,1,0
2026-08-23,S04,P501,0.9112744,1,1
2026-08-24,S04,P501,0.09783305,0,0
2026-08-25,S04,P501,0.00030951234,0,0
2026-08-26,S04,P501,0.0068921833,0,0
2026-08-27,S04,P501,0.027292645,0,0
2026-08-28,S04,P501,0.4021914,0,0
2026-08-29,S04,P501,0.6304699,1,1
2026-08-30,S04,P501,0.030684672,0,0
2026-08-31,S04,P501,0.000563861,0,0
2026-08-13,S04,P502,0.38823435,0,1
2026-08-14,S04,P502,0.7456524,1,0
2026-08-15,S04,P502,0.0008859467,0,0
2026-08-16,S04,P502,0.020967016,0,0
2026-08-17,S04,P502,0.009156349,0,0
2026-08-18,S04,P502,0.01685436,0,0
2026-08-19,S04,P502,0.60471,1,0
2026-08-20,S04,P502,0.7310669,1,0
2026-08-21,S04,P502,0.001167534,0,0
2026-08-22,S04,P502,0.0013661557,0,0
2026-08-23,S04,P502,0.0027137527,0,0
2026-08-24,S04,P502,0.021370094,0,0
2026-08-25,S04,P502,0.45696357,0,1
2026-08-26,S04,P502,0.029075924,0,0
2026-08-27,S04,P502,0.0026532172,0,0
2026-08-28,S04,P502,0.0043277834,0,0
2026-08-29,S04,P502,0.02227771,0,0
2026-08-30,S04,P502,0.7147879,1,0
2026-08-31,S04,P502,0.3831043,0,1
2026-08-13,S04,P601,0.00082287355,0,0
2026-08-14,S04,P601,0.001067233,0,0
2026-08-15,S04,P601,0.004000242,0,0
2026-08-16,S04,P601,0.14588419,0,0
2026-08-17,S04,P601,0.8194179,1,0
2026-08-18,S04,P601,0.88935596,1,1
2026-08-19,S04,P601,0.35539928,0,0
2026-08-20,S04,P601,0.00082983787,0,0
2026-08-21,S04,P601,0.0010601489,0,0
2026-08-22,S04,P601,0.0009477653,0,0
2026-08-23,S04,P601,0.011604989,0,0
2026-08-24,S04,P601,0.27809253,0,0
2026-08-25,S04,P601,0.82631576,1,1
2026-08-26,S04,P601,0.0076725446,0,0
2026-08-27,S04,P601,0.0009861961,0,0
2026-08-28,S04,P601,0.002535349,0,0
2026-08-29,S04,P601,0.02835956,0,0
2026-08-30,S04,P601,0.91313183,1,1
2026-08-31,S04,P601,0.055094376,0,0
2026-08-13,S04,P701,0.003217807,0,0
2026-08-14,S04,P701,0.05525982,0,0
2026-08-15,S04,P701,0.26355335,0,0
2026-08-16,S04,P701,0.82638407,1,1
2026-08-17,S04,P701,0.029720962,0,0
2026-08-18,S04,P701,0.000492853,0,0
2026-08-19,S04,P701,0.0012060059,0,0
2026-08-20,S04,P701,0.033944976,0,0
2026-08-21,S04,P701,0.1307998,0,0
2026-08-22,S04,P701,0.7967567,1,1
2026-08-23,S04,P701,0.013307887,0,0
2026-08-24,S04,P701,0.000552485,0,0
2026-08-25,S04,P701,0.0011585111,0,0
2026-08-26,S04,P701,0.003962679,0,0
2026-08-27,S04,P701,0.7546232,1,0
2026-08-28,S04,P701,0.4405786,0,1
2026-08-29,S04,P701,0.10110117,0,0
2026-08-30,S04,P701,0.0022975053,0,0
2026-08-31,S04,P701,0.0015261264,0,0
2026-08-13,S04,P702,0.0071220524,0,0
2026-08-14,S04,P702,0.047416676,0,0
2026-08-15,S04,P702,0.94206506,1,1
2026-08-16,S04,P702,0.040556803,0,0
2026-08-17,S04,P702,0.0009129473,0,0
2026-08-18,S04,P702,0.026397552,0,0
2026-08-19,S04,P702,0.0051576705,0,0
2026-08-20,S04,P702,0.03564278,0,0
2026-08-21,S04,P702,0.04261472,0,0
2026-08-22,S04,P702,0.9516801,1,1
2026-08-23,S04,P702,0.1839045,0,0
2026-08-24,S04,P702,0.0009364608,0,0
2026-08-25,S04,P702,0.0007734203,0,0
2026-08-26,S04,P702,0.013636393,0,0
2026-08-27,S04,P702,0.10049006,0,0
2026-08-28,S04,P702,0.70827645,1,1
2026-08-29,S04,P702,0.6782584,1,0
2026-08-30,S04,P702,0.0022973807,0,0
2026-08-31,S04,P702,0.0026973498,0,0
2026-08-21,S04,P999,0.35836488,0,0
2026-08-22,S04,P999,0.01932305,0,0
2026-08-23,S04,P999,0.6612954,1,0
2026-08-24,S04,P999,0.61669457,1,1
2026-08-25,S04,P999,0.08155336,0,0
2026-08-26,S04,P999,0.009554363,0,0
2026-08-27,S04,P999,0.07292045,0,0
2026-08-28,S04,P999,0.12525281,0,0
2026-08-29,S04,P999,0.5535408,1,0
2026-08-30,S04,P999,0.65454316,1,1
2026-08-31,S04,P999,0.0028017662,0,0
