date,city,temp_c,rain_mm,holiday,festival,weekend,local_event
2026-05-01,Coimbatore,33.5,0.0,1,0,0,0
2026-05-01,Chennai,28.7,1.6,1,0,0,0
2026-05-01,Madurai,36.7,3.8,1,0,0,1
2026-05-01,Salem,30.3,0.0,1,0,0,0
2026-05-02,Coimbatore,32.7,0.0,0,0,1,0
2026-05-02,Chennai,34.4,0.0,0,0,1,0
2026-05-02,Madurai,29.3,0.0,0,0,1,0
2026-05-02,Salem,30.1,3.0,0,0,1,0
2026-05-03,Coimbatore,,0.6,0,0,1,0
2026-05-03,Chennai,30.2,4.7,0,0,1,0
2026-05-03,Madurai,30.2,9.3,0,0,1,0
2026-05-03,Salem,30.4,0.0,0,0,1,0
2026-05-04,Coimbatore,34.5,0.0,0,0,0,0
2026-05-04,Chennai,40.3,6.0,0,0,0,0
2026-05-04,Madurai,34.2,0.9,0,0,0,0
2026-05-04,Salem,29.0,0.0,0,0,0,0
2026-05-05,Coimbatore,30.6,5.3,0,0,0,0
2026-05-05,Chennai,28.6,0.7,0,0,0,0
2026-05-05,Madurai,30.0,3.1,0,0,0,1
2026-05-05,Salem,33.7,4.4,0,0,0,0
2026-05-06,Coimbatore,29.5,0.0,0,0,0,0
2026-05-06,Chennai,27.5,5.5,0,0,0,0
2026-05-06,Madurai,28.7,0.0,0,0,0,0
2026-05-06,Salem,34.5,1.5,0,0,0,0
2026-05-07,Coimbatore,,0.0,0,0,0,0
2026-05-07,Chennai,36.5,1.7,0,0,0,0
2026-05-07,Madurai,,4.1,0,0,0,1
2026-05-07,Salem,27.7,5.2,0,0,0,0
2026-05-08,Coimbatore,31.3,1.8,0,0,0,0
2026-05-08,Chennai,29.6,3.7,0,0,0,0
2026-05-08,Madurai,29.6,0.0,0,0,0,0
2026-05-08,Salem,33.5,5.8,0,0,0,0
2026-05-09,Coimbatore,30.4,2.6,0,0,1,0
2026-05-09,Chennai,36.1,0.9,0,0,1,0
2026-05-09,Madurai,29.9,0.0,0,0,1,0
2026-05-09,Salem,35.8,0.0,0,0,1,0
2026-05-10,Coimbatore,32.0,0.0,0,0,1,0
2026-05-10,Chennai,30.8,0.0,0,0,1,0
2026-05-10,Madurai,31.5,2.0,0,0,1,0
2026-05-10,Salem,,7.0,0,0,1,0
2026-05-11,Coimbatore,26.2,0.0,0,0,0,0
2026-05-11,Chennai,32.3,0.0,0,0,0,0
2026-05-11,Madurai,31.4,1.5,0,0,0,0
2026-05-11,Salem,33.0,0.0,0,0,0,0
2026-05-12,Coimbatore,35.4,3.8,0,0,0,0
2026-05-12,Chennai,29.6,6.9,0,0,0,0
2026-05-12,Madurai,33.8,11.0,0,0,0,0
2026-05-12,Salem,30.5,4.6,0,0,0,0
2026-05-13,Coimbatore,32.3,0.0,0,0,0,0
2026-05-13,Chennai,32.0,0.0,0,0,0,0
2026-05-13,Madurai,28.8,2.4,0,0,0,0
2026-05-13,Salem,33.9,0.0,0,0,0,0
2026-05-14,Coimbatore,29.7,0.0,0,0,0,0
2026-05-14,Chennai,30.9,2.8,0,0,0,0
2026-05-14,Madurai,32.7,6.5,0,0,0,0
2026-05-14,Salem,31.0,0.0,0,0,0,0
2026-05-15,Coimbatore,32.8,3.9,0,0,0,0
2026-05-15,Chennai,35.9,0.0,0,0,0,0
2026-05-15,Madurai,32.8,1.7,0,0,0,0
2026-05-15,Salem,32.7,4.2,0,0,0,1
2026-05-16,Coimbatore,32.9,0.0,0,0,1,1
2026-05-16,Chennai,32.5,0.0,0,0,1,0
2026-05-16,Madurai,28.4,3.3,0,0,1,0
2026-05-16,Salem,29.7,0.0,0,0,1,0
2026-05-17,Coimbatore,34.9,2.1,0,0,1,0
2026-05-17,Chennai,29.4,0.7,0,0,1,0
2026-05-17,Madurai,29.3,0.0,0,0,1,0
2026-05-17,Salem,34.6,0.0,0,0,1,0
2026-05-18,Coimbatore,32.0,7.3,0,0,0,0
2026-05-18,Chennai,27.8,0.0,0,0,0,0
2026-05-18,Madurai,28.8,2.4,0,0,0,0
2026-05-18,Salem,31.6,3.7,0,0,0,0
2026-05-19,Coimbatore,29.5,0.0,0,0,0,0
2026-05-19,Chennai,29.2,0.0,0,0,0,0
2026-05-19,Madurai,32.5,1.9,0,0,0,0
2026-05-19,Salem,32.7,0.0,0,0,0,0
2026-05-20,Coimbatore,32.2,0.0,0,0,0,0
2026-05-20,Chennai,34.6,5.3,0,0,0,0
2026-05-20,Madurai,27.9,0.0,0,0,0,0
2026-05-20,Salem,32.9,1.3,0,0,0,0
2026-05-21,Coimbatore,33.5,19.3,0,0,0,0
2026-05-21,Chennai,36.0,4.9,0,0,0,0
2026-05-21,Madurai,,3.8,0,0,0,0
2026-05-21,Salem,32.5,0.0,0,0,0,1
2026-05-22,Coimbatore,38.9,0.0,0,0,0,0
2026-05-22,Chennai,30.8,0.4,0,0,0,1
2026-05-22,Madurai,30.6,5.4,0,0,0,0
2026-05-22,Salem,36.7,0.6,0,0,0,0
2026-05-23,Coimbatore,29.8,1.1,0,0,1,0
2026-05-23,Chennai,39.2,9.2,0,0,1,0
2026-05-23,Madurai,25.9,0.9,0,0,1,0
2026-05-23,Salem,30.7,0.0,0,0,1,0
2026-05-24,Coimbatore,33.5,4.3,0,0,1,0
2026-05-24,Chennai,31.0,0.0,0,0,1,0
2026-05-24,Madurai,37.3,2.0,0,0,1,0
2026-05-24,Salem,33.1,8.3,0,0,1,0
2026-05-25,Coimbatore,27.4,0.0,0,0,0,0
2026-05-25,Chennai,31.3,9.4,0,0,0,0
2026-05-25,Madurai,22.3,0.0,0,0,0,0
2026-05-25,Salem,26.0,0.0,0,0,0,0
2026-05-26,Coimbatore,30.7,0.7,0,0,0,0
2026-05-26,Chennai,32.2,11.7,0,0,0,0
2026-05-26,Madurai,29.1,2.3,0,0,0,0
2026-05-26,Salem,31.4,0.3,0,0,0,0
2026-05-27,Coimbatore,32.3,3.3,0,0,0,0
2026-05-27,Chennai,30.2,10.6,0,0,0,0
2026-05-27,Madurai,31.5,2.9,0,0,0,0
2026-05-27,Salem,30.5,1.0,0,0,0,0
2026-05-28,Coimbatore,30.2,4.2,0,0,0,0
2026-05-28,Chennai,34.9,7.3,0,0,0,0
2026-05-28,Madurai,34.4,3.1,0,0,0,0
2026-05-28,Salem,33.7,0.0,0,0,0,0
2026-05-29,Coimbatore,31.9,0.6,0,0,0,0
2026-05-29,Chennai,30.0,5.8,0,0,0,0
2026-05-29,Madurai,,5.5,0,0,0,0
2026-05-29,Salem,30.8,1.3,0,0,0,0
2026-05-30,Coimbatore,35.9,0.1,0,0,1,0
2026-05-30,Chennai,31.3,4.3,0,0,1,1
2026-05-30,Madurai,33.0,0.0,0,0,1,0
2026-05-30,Salem,37.7,5.3,0,0,1,0
2026-05-31,Coimbatore,29.0,0.0,0,0,1,0
2026-05-31,Chennai,34.3,3.3,0,0,1,0
2026-05-31,Madurai,32.0,0.0,0,0,1,0
2026-05-31,Salem,25.7,8.9,0,0,1,0
2026-06-01,Coimbatore,29.5,0.0,0,0,0,0
2026-06-01,Chennai,33.8,6.8,0,0,0,0
2026-06-01,Madurai,32.7,0.0,0,0,0,0
2026-06-01,Salem,33.7,4.4,0,0,0,0
2026-06-02,Coimbatore,27.7,0.0,0,0,0,0
2026-06-02,Chennai,30.0,6.8,0,0,0,0
2026-06-02,Madurai,32.9,7.4,0,0,0,0
2026-06-02,Salem,31.1,0.0,0,0,0,0
2026-06-03,Coimbatore,33.0,0.0,0,0,0,0
2026-06-03,Chennai,33.5,0.4,0,0,0,0
2026-06-03,Madurai,34.1,0.0,0,0,0,0
2026-06-03,Salem,32.2,4.9,0,0,0,0
2026-06-04,Coimbatore,32.3,0.0,0,0,0,0
2026-06-04,Chennai,38.8,2.0,0,0,0,0
2026-06-04,Madurai,38.5,0.0,0,0,0,0
2026-06-04,Salem,31.7,4.9,0,0,0,0
2026-06-05,Coimbatore,29.5,0.0,0,0,0,0
2026-06-05,Chennai,35.1,0.0,0,0,0,0
2026-06-05,Madurai,33.0,9.4,0,0,0,0
2026-06-05,Salem,33.7,4.9,0,0,0,0
2026-06-06,Coimbatore,28.0,9.2,0,0,1,0
2026-06-06,Chennai,31.8,0.0,0,0,1,0
2026-06-06,Madurai,26.9,6.8,0,0,1,0
2026-06-06,Salem,32.8,1.4,0,0,1,0
2026-06-07,Coimbatore,27.2,0.0,0,0,1,0
2026-06-07,Chennai,32.8,1.5,0,0,1,0
2026-06-07,Madurai,32.0,0.2,0,0,1,0
2026-06-07,Salem,31.1,0.0,0,0,1,0
2026-06-08,Coimbatore,32.4,2.6,0,0,0,0
2026-06-08,Chennai,35.2,7.7,0,0,0,0
2026-06-08,Madurai,33.0,0.0,0,0,0,0
2026-06-08,Salem,32.3,7.8,0,0,0,0
2026-06-09,Coimbatore,38.2,8.8,0,0,0,0
2026-06-09,Chennai,28.9,0.0,0,0,0,1
2026-06-09,Madurai,33.9,6.8,0,0,0,0
2026-06-09,Salem,30.7,0.0,0,0,0,1
2026-06-10,Coimbatore,35.2,0.0,0,0,0,0
2026-06-10,Chennai,34.7,0.0,0,0,0,0
2026-06-10,Madurai,36.5,0.4,0,0,0,0
2026-06-10,Salem,34.9,1.7,0,0,0,0
2026-06-11,Coimbatore,26.9,0.0,0,0,0,0
2026-06-11,Chennai,,2.0,0,0,0,0
2026-06-11,Madurai,28.1,3.3,0,0,0,0
2026-06-11,Salem,28.7,2.4,0,0,0,0
2026-06-12,Coimbatore,31.8,4.8,0,0,0,0
2026-06-12,Chennai,30.7,0.0,0,0,0,1
2026-06-12,Madurai,30.4,0.0,0,0,0,0
2026-06-12,Salem,27.7,0.0,0,0,0,0
2026-06-13,Coimbatore,37.9,0.2,0,0,1,1
2026-06-13,Chennai,33.5,6.0,0,0,1,0
2026-06-13,Madurai,31.7,0.0,0,0,1,0
2026-06-13,Salem,29.8,2.9,0,0,1,0
2026-06-14,Coimbatore,31.2,0.0,0,0,1,0
2026-06-14,Chennai,30.1,0.0,0,0,1,0
2026-06-14,Madurai,33.7,1.6,0,0,1,0
2026-06-14,Salem,29.1,0.4,0,0,1,0
2026-06-15,Coimbatore,27.2,1.0,0,0,0,0
2026-06-15,Chennai,31.4,0.0,0,0,0,0
2026-06-15,Madurai,30.1,0.0,0,0,0,0
2026-06-15,Salem,32.7,4.6,0,0,0,0
2026-06-16,Coimbatore,32.0,7.4,0,0,0,0
2026-06-16,Chennai,39.1,5.1,0,0,0,0
2026-06-16,Madurai,28.9,0.0,0,0,0,0
2026-06-16,Salem,36.2,0.0,0,0,0,0
2026-06-17,Coimbatore,27.8,2.8,0,0,0,0
2026-06-17,Chennai,30.6,0.0,0,0,0,0
2026-06-17,Madurai,30.2,0.0,0,0,0,0
2026-06-17,Salem,24.5,3.4,0,0,0,0
2026-06-18,Coimbatore,31.3,0.0,0,0,0,0
2026-06-18,Chennai,32.7,1.4,0,0,0,0
2026-06-18,Madurai,33.5,0.0,0,0,0,0
2026-06-18,Salem,38.1,8.1,0,0,0,0
2026-06-19,Coimbatore,,2.9,0,0,0,0
2026-06-19,Chennai,32.8,0.0,0,0,0,0
2026-06-19,Madurai,32.8,0.0,0,0,0,0
2026-06-19,Salem,28.6,1.3,0,0,0,0
2026-06-20,Coimbatore,30.0,0.2,0,0,1,0
2026-06-20,Chennai,30.2,3.8,0,0,1,0
2026-06-20,Madurai,33.6,7.2,0,0,1,0
2026-06-20,Salem,26.7,0.0,0,0,1,0
2026-06-21,Coimbatore,33.1,0.0,0,0,1,0
2026-06-21,Chennai,33.5,7.9,0,0,1,0
2026-06-21,Madurai,33.0,0.0,0,0,1,0
2026-06-21,Salem,31.0,0.0,0,0,1,0
2026-06-22,Coimbatore,32.9,10.4,0,0,0,0
2026-06-22,Chennai,31.2,4.7,0,0,0,0
2026-06-22,Madurai,25.9,0.0,0,0,0,0
2026-06-22,Salem,35.2,0.0,0,0,0,0
2026-06-23,Coimbatore,33.0,0.0,0,0,0,0
2026-06-23,Chennai,34.7,0.5,0,0,0,0
2026-06-23,Madurai,27.6,5.7,0,0,0,0
2026-06-23,Salem,33.5,6.2,0,0,0,0
2026-06-24,Coimbatore,32.5,1.2,0,0,0,0
2026-06-24,Chennai,28.7,0.0,0,0,0,0
2026-06-24,Madurai,32.2,0.0,0,0,0,0
2026-06-24,Salem,31.0,4.1,0,0,0,0
2026-06-25,Coimbatore,31.2,0.0,0,0,0,0
2026-06-25,Chennai,30.7,0.0,0,0,0,0
2026-06-25,Madurai,34.6,6.8,0,0,0,0
2026-06-25,Salem,27.1,1.4,0,0,0,0
2026-06-26,Coimbatore,26.7,7.5,0,0,0,0
2026-06-26,Chennai,32.5,13.2,0,0,0,0
2026-06-26,Madurai,32.3,3.6,0,0,0,0
2026-06-26,Salem,32.7,2.2,0,0,0,0
2026-06-27,Coimbatore,37.6,6.7,0,0,1,0
2026-06-27,Chennai,32.6,0.5,0,0,1,0
2026-06-27,Madurai,29.0,0.0,0,0,1,0
2026-06-27,Salem,39.6,2.6,0,0,1,0
2026-06-28,Coimbatore,31.5,0.0,0,0,1,0
2026-06-28,Chennai,34.6,0.0,0,0,1,0
2026-06-28,Madurai,28.1,0.0,0,0,1,0
2026-06-28,Salem,27.5,0.0,0,0,1,0
2026-06-29,Coimbatore,31.3,0.0,0,0,0,0
2026-06-29,Chennai,34.4,0.0,0,0,0,0
2026-06-29,Madurai,37.5,5.6,0,0,0,1
2026-06-29,Salem,28.9,2.6,0,0,0,0
2026-06-30,Coimbatore,31.2,0.0,0,0,0,0
2026-06-30,Chennai,32.0,0.8,0,0,0,0
2026-06-30,Madurai,32.0,0.0,0,0,0,0
2026-06-30,Salem,31.7,0.8,0,0,0,0
2026-07-01,Coimbatore,31.9,0.0,0,0,0,0
2026-07-01,Chennai,36.2,0.0,0,0,0,0
2026-07-01,Madurai,35.7,0.0,0,0,0,0
2026-07-01,Salem,32.9,0.0,0,0,0,0
2026-07-02,Coimbatore,27.8,0.0,0,0,0,0
2026-07-02,Chennai,30.9,0.0,0,0,0,0
2026-07-02,Madurai,34.8,6.4,0,0,0,1
2026-07-02,Salem,29.9,0.0,0,0,0,0
2026-07-03,Coimbatore,30.4,2.4,0,0,0,0
2026-07-03,Chennai,30.9,0.0,0,0,0,0
2026-07-03,Madurai,34.1,2.2,0,0,0,0
2026-07-03,Salem,36.9,0.0,0,0,0,0
2026-07-04,Coimbatore,33.8,0.0,0,0,1,1
2026-07-04,Chennai,27.0,8.8,0,0,1,0
2026-07-04,Madurai,30.4,5.2,0,0,1,0
2026-07-04,Salem,35.9,0.0,0,0,1,0
2026-07-05,Coimbatore,28.2,8.8,0,0,1,0
2026-07-05,Chennai,26.7,0.0,0,0,1,0
2026-07-05,Madurai,30.4,2.0,0,0,1,0
2026-07-05,Salem,34.9,0.0,0,0,1,0
2026-07-06,Coimbatore,30.9,0.0,0,0,0,0
2026-07-06,Chennai,38.5,3.4,0,0,0,0
2026-07-06,Madurai,32.5,0.0,0,0,0,0
2026-07-06,Salem,28.1,0.5,0,0,0,0
2026-07-07,Coimbatore,32.6,0.0,0,0,0,0
2026-07-07,Chennai,38.0,3.6,0,0,0,0
2026-07-07,Madurai,32.8,4.9,0,0,0,0
2026-07-07,Salem,29.0,2.6,0,0,0,0
2026-07-08,Coimbatore,26.5,0.0,0,0,0,0
2026-07-08,Chennai,31.0,1.0,0,0,0,0
2026-07-08,Madurai,30.2,0.0,0,0,0,0
2026-07-08,Salem,36.0,0.0,0,0,0,0
2026-07-09,Coimbatore,29.2,13.2,0,0,0,0
2026-07-09,Chennai,32.3,0.9,0,0,0,0
2026-07-09,Madurai,,0.6,0,0,0,0
2026-07-09,Salem,26.9,4.9,0,0,0,0
2026-07-10,Coimbatore,31.9,8.9,0,0,0,0
2026-07-10,Chennai,27.3,0.0,0,0,0,0
2026-07-10,Madurai,33.9,4.9,0,0,0,0
2026-07-10,Salem,26.7,5.7,0,0,0,0
2026-07-11,Coimbatore,31.8,3.1,0,0,1,0
2026-07-11,Chennai,35.2,0.6,0,0,1,0
2026-07-11,Madurai,33.7,5.4,0,0,1,0
2026-07-11,Salem,30.6,3.2,0,0,1,0
2026-07-12,Coimbatore,,1.0,0,0,1,0
2026-07-12,Chennai,34.5,0.7,0,0,1,1
2026-07-12,Madurai,28.8,5.3,0,0,1,0
2026-07-12,Salem,35.4,0.0,0,0,1,0
2026-07-13,Coimbatore,34.8,0.0,0,0,0,1
2026-07-13,Chennai,27.8,2.5,0,0,0,0
2026-07-13,Madurai,32.7,0.0,0,0,0,0
2026-07-13,Salem,31.2,0.7,0,0,0,0
2026-07-14,Coimbatore,36.3,1.0,0,0,0,0
2026-07-14,Chennai,34.6,1.4,0,0,0,0
2026-07-14,Madurai,32.2,5.3,0,0,0,0
2026-07-14,Salem,35.7,0.0,0,0,0,0
2026-07-15,Coimbatore,38.9,0.0,0,0,0,0
2026-07-15,Chennai,27.0,0.0,0,0,0,0
2026-07-15,Madurai,30.7,0.0,0,0,0,0
2026-07-15,Salem,29.0,0.0,0,0,0,0
2026-07-16,Coimbatore,31.9,1.2,0,0,0,0
2026-07-16,Chennai,28.8,3.4,0,0,0,0
2026-07-16,Madurai,35.0,0.0,0,0,0,0
2026-07-16,Salem,38.9,0.0,0,0,0,0
2026-07-17,Coimbatore,32.5,2.5,0,0,0,0
2026-07-17,Chennai,27.3,0.4,0,0,0,0
2026-07-17,Madurai,30.1,0.0,0,0,0,0
2026-07-17,Salem,30.5,0.0,0,0,0,0
2026-07-18,Coimbatore,36.3,0.0,0,0,1,0
2026-07-18,Chennai,33.0,0.0,0,0,1,0
2026-07-18,Madurai,32.6,0.0,0,0,1,0
2026-07-18,Salem,29.5,0.8,0,0,1,0
2026-07-19,Coimbatore,30.2,0.0,0,0,1,0
2026-07-19,Chennai,,5.4,0,0,1,0
2026-07-19,Madurai,31.5,0.0,0,0,1,0
2026-07-19,Salem,34.7,0.0,0,0,1,0
2026-07-20,Coimbatore,30.4,1.1,0,0,0,0
2026-07-20,Chennai,21.6,0.0,0,0,0,0
2026-07-20,Madurai,,5.2,0,0,0,0
2026-07-20,Salem,27.1,2.3,0,0,0,0
2026-07-21,Coimbatore,,5.5,0,0,0,0
2026-07-21,Chennai,33.2,3.6,0,0,0,0
2026-07-21,Madurai,35.2,5.8,0,0,0,0
2026-07-21,Salem,30.1,2.4,0,0,0,0
2026-07-22,Coimbatore,31.5,0.7,0,0,0,0
2026-07-22,Chennai,29.9,2.5,0,0,0,0
2026-07-22,Madurai,32.1,6.4,0,0,0,1
2026-07-22,Salem,34.5,0.0,0,0,0,0
2026-07-23,Coimbatore,27.9,3.7,0,0,0,0
2026-07-23,Chennai,36.5,1.1,0,0,0,0
2026-07-23,Madurai,32.7,7.9,0,0,0,0
2026-07-23,Salem,35.6,0.0,0,0,0,0
2026-07-24,Coimbatore,30.7,1.0,0,0,0,0
2026-07-24,Chennai,30.9,0.9,0,0,0,0
2026-07-24,Madurai,35.6,0.0,0,0,0,1
2026-07-24,Salem,,0.0,0,0,0,1
2026-07-25,Coimbatore,36.7,0.0,0,0,1,0
2026-07-25,Chennai,26.9,0.0,0,0,1,0
2026-07-25,Madurai,27.7,0.0,0,0,1,0
2026-07-25,Salem,33.9,4.9,0,0,1,0
2026-07-26,Coimbatore,32.7,0.0,0,0,1,0
2026-07-26,Chennai,,0.0,0,0,1,0
2026-07-26,Madurai,37.5,0.0,0,0,1,0
2026-07-26,Salem,34.7,0.0,0,0,1,0
2026-07-27,Coimbatore,28.2,7.2,0,0,0,0
2026-07-27,Chennai,33.5,0.0,0,0,0,0
2026-07-27,Madurai,33.0,2.3,0,0,0,0
2026-07-27,Salem,33.4,3.0,0,0,0,0
2026-07-28,Coimbatore,32.6,3.5,0,0,0,0
2026-07-28,Chennai,28.9,0.0,0,0,0,0
2026-07-28,Madurai,30.0,9.0,0,0,0,0
2026-07-28,Salem,29.8,0.0,0,0,0,0
2026-07-29,Coimbatore,34.5,0.0,0,0,0,0
2026-07-29,Chennai,31.2,0.0,0,0,0,0
2026-07-29,Madurai,30.6,0.0,0,0,0,0
2026-07-29,Salem,35.1,0.0,0,0,0,0
2026-07-30,Coimbatore,29.1,0.0,0,0,0,0
2026-07-30,Chennai,39.2,0.0,0,0,0,0
2026-07-30,Madurai,31.3,0.1,0,0,0,0
2026-07-30,Salem,29.4,0.2,0,0,0,0
2026-07-31,Coimbatore,29.0,0.0,0,0,0,0
2026-07-31,Chennai,35.0,3.1,0,0,0,0
2026-07-31,Madurai,36.2,4.6,0,0,0,1
2026-07-31,Salem,37.4,1.8,0,0,0,0
2026-08-01,Coimbatore,34.7,3.2,0,0,1,0
2026-08-01,Chennai,32.3,4.8,0,0,1,0
2026-08-01,Madurai,38.2,0.0,0,0,1,0
2026-08-01,Salem,30.9,1.0,0,0,1,0
2026-08-02,Coimbatore,30.0,0.0,0,0,1,0
2026-08-02,Chennai,28.9,0.0,0,0,1,0
2026-08-02,Madurai,31.9,10.7,0,0,1,0
2026-08-02,Salem,29.2,3.8,0,0,1,0
2026-08-03,Coimbatore,32.1,0.6,0,0,0,0
2026-08-03,Chennai,30.5,1.1,0,0,0,1
2026-08-03,Madurai,31.2,0.0,0,0,0,0
2026-08-03,Salem,34.8,4.4,0,0,0,0
2026-08-04,Coimbatore,28.3,0.0,0,0,0,0
2026-08-04,Chennai,27.3,10.0,0,0,0,0
2026-08-04,Madurai,35.2,0.0,0,0,0,0
2026-08-04,Salem,27.1,0.0,0,0,0,0
2026-08-05,Coimbatore,36.4,6.9,0,0,0,0
2026-08-05,Chennai,33.2,0.0,0,0,0,0
2026-08-05,Madurai,30.3,0.0,0,0,0,0
2026-08-05,Salem,33.0,0.0,0,0,0,0
2026-08-06,Coimbatore,33.6,0.0,0,0,0,0
2026-08-06,Chennai,25.3,1.2,0,0,0,0
2026-08-06,Madurai,30.9,0.0,0,0,0,0
2026-08-06,Salem,34.4,0.0,0,0,0,0
2026-08-07,Coimbatore,30.6,1.7,0,0,0,0
2026-08-07,Chennai,27.3,0.0,0,0,0,0
2026-08-07,Madurai,32.2,0.0,0,0,0,0
2026-08-07,Salem,31.2,6.2,0,0,0,0
2026-08-08,Coimbatore,36.5,4.3,0,0,1,0
2026-08-08,Chennai,34.5,6.1,0,0,1,0
2026-08-08,Madurai,33.1,2.2,0,0,1,0
2026-08-08,Salem,31.1,1.9,0,0,1,0
2026-08-09,Coimbatore,31.8,0.0,0,0,1,0
2026-08-09,Chennai,31.6,0.0,0,0,1,0
2026-08-09,Madurai,32.2,0.0,0,0,1,1
2026-08-09,Salem,32.4,2.3,0,0,1,0
2026-08-10,Coimbatore,35.0,0.0,0,0,0,0
2026-08-10,Chennai,29.4,2.0,0,0,0,1
2026-08-10,Madurai,35.3,0.0,0,0,0,0
2026-08-10,Salem,32.8,0.0,0,0,0,0
2026-08-11,Coimbatore,31.4,1.1,0,0,0,0
2026-08-11,Chennai,31.9,10.0,0,0,0,0
2026-08-11,Madurai,32.6,5.3,0,0,0,1
2026-08-11,Salem,32.6,2.2,0,0,0,0
2026-08-12,Coimbatore,33.9,0.0,0,0,0,0
2026-08-12,Chennai,29.7,1.5,0,0,0,0
2026-08-12,Madurai,31.8,1.6,0,0,0,0
2026-08-12,Salem,33.0,7.2,0,0,0,0
2026-08-13,Coimbatore,31.3,4.8,0,0,0,0
2026-08-13,Chennai,35.1,2.8,0,0,0,0
2026-08-13,Madurai,31.1,6.9,0,0,0,0
2026-08-13,Salem,32.4,0.0,0,0,0,1
2026-08-14,Coimbatore,28.7,0.0,0,0,0,0
2026-08-14,Chennai,29.3,7.8,0,0,0,0
2026-08-14,Madurai,30.1,0.0,0,0,0,0
2026-08-14,Salem,32.5,0.0,0,0,0,0
2026-08-15,Coimbatore,29.9,11.3,1,0,1,0
2026-08-15,Chennai,32.2,5.6,1,0,1,0
2026-08-15,Madurai,27.8,0.0,1,0,1,0
2026-08-15,Salem,39.0,3.6,1,0,1,0
2026-08-16,Coimbatore,33.8,4.3,0,0,1,0
2026-08-16,Chennai,31.2,2.0,0,0,1,0
2026-08-16,Madurai,29.7,0.0,0,0,1,0
2026-08-16,Salem,29.4,0.0,0,0,1,0
2026-08-17,Coimbatore,32.5,7.0,0,0,0,0
2026-08-17,Chennai,36.5,3.9,0,0,0,0
2026-08-17,Madurai,29.1,0.0,0,0,0,0
2026-08-17,Salem,29.1,2.8,0,0,0,0
2026-08-18,Coimbatore,30.2,1.6,0,0,0,0
2026-08-18,Chennai,36.2,0.0,0,0,0,0
2026-08-18,Madurai,32.4,0.0,0,0,0,0
2026-08-18,Salem,35.6,1.9,0,0,0,0
2026-08-19,Coimbatore,29.9,0.0,0,0,0,0
2026-08-19,Chennai,35.4,0.0,0,0,0,0
2026-08-19,Madurai,28.3,0.0,0,0,0,0
2026-08-19,Salem,34.4,0.0,0,0,0,0
2026-08-20,Coimbatore,30.0,1.4,0,0,0,0
2026-08-20,Chennai,38.7,0.0,0,0,0,0
2026-08-20,Madurai,33.9,2.1,0,0,0,0
2026-08-20,Salem,35.7,8.1,0,0,0,0
2026-08-21,Coimbatore,30.3,0.0,0,0,0,0
2026-08-21,Chennai,32.9,0.0,0,0,0,0
2026-08-21,Madurai,29.6,8.2,0,0,0,0
2026-08-21,Salem,34.9,5.5,0,0,0,0
2026-08-22,Coimbatore,33.7,8.1,0,0,1,0
2026-08-22,Chennai,28.7,0.0,0,0,1,0
2026-08-22,Madurai,32.1,0.0,0,0,1,0
2026-08-22,Salem,30.1,3.5,0,0,1,0
2026-08-23,Coimbatore,33.0,4.2,0,0,1,0
2026-08-23,Chennai,28.5,0.0,0,0,1,0
2026-08-23,Madurai,37.0,2.1,0,0,1,0
2026-08-23,Salem,32.3,0.0,0,0,1,0
2026-08-24,Coimbatore,33.6,0.0,0,0,0,0
2026-08-24,Chennai,29.3,0.4,0,0,0,0
2026-08-24,Madurai,29.8,6.2,0,0,0,0
2026-08-24,Salem,30.4,0.0,0,0,0,0
2026-08-25,Coimbatore,35.6,0.7,0,1,0,0
2026-08-25,Chennai,29.8,1.1,0,1,0,0
2026-08-25,Madurai,32.4,0.0,0,1,0,0
2026-08-25,Salem,28.8,0.0,0,1,0,0
2026-08-26,Coimbatore,26.5,2.5,0,1,0,0
2026-08-26,Chennai,38.5,0.0,0,1,0,0
2026-08-26,Madurai,32.0,4.2,0,1,0,0
2026-08-26,Salem,30.8,2.3,0,1,0,0
2026-08-27,Coimbatore,32.2,0.0,0,0,0,0
2026-08-27,Chennai,33.7,3.0,0,0,0,0
2026-08-27,Madurai,31.5,0.0,0,0,0,0
2026-08-27,Salem,28.9,6.6,0,0,0,0
2026-08-28,Coimbatore,35.3,2.4,0,0,0,0
2026-08-28,Chennai,39.4,0.0,0,0,0,0
2026-08-28,Madurai,32.0,0.0,0,0,0,0
2026-08-28,Salem,30.9,0.0,0,0,0,0
2026-08-29,Coimbatore,32.2,2.6,0,0,1,0
2026-08-29,Chennai,26.6,0.0,0,0,1,0
2026-08-29,Madurai,29.2,0.0,0,0,1,0
2026-08-29,Salem,33.6,0.0,0,0,1,0
2026-08-30,Coimbatore,31.4,7.5,0,0,1,0
2026-08-30,Chennai,30.3,0.0,0,0,1,0
2026-08-30,Madurai,30.2,0.0,0,0,1,0
2026-08-30,Salem,32.0,0.0,0,0,1,0
2026-08-31,Coimbatore,33.3,6.0,0,0,0,0
2026-08-31,Chennai,33.5,11.4,0,0,0,0
2026-08-31,Madurai,27.9,0.0,0,0,0,0
2026-08-31,Salem,35.6,0.0,0,0,0,0
