feature,importance
lag_closing_1,0.08916768
reorder_lvl,0.08371193
rolling_mean_7,0.06794975
lag_closing_7,0.066621676
rolling_mean_14,0.06620899
promotion_flag,0.043643594
lag_7,0.04059444
lag_14,0.033944197
lag_1,0.032134697
discount_pct,0.025212746
week_no,0.023836812
price_change,0.022704734
holiday_or_festival,0.022363506
day_of_week,0.019633248
festival_flag,0.01938039
rolling_std_7,0.019294512
day_of_month,0.018475028
weekend_flag,0.017690495
holiday,0.017447963
promo_weekend,0.017327383
product_id_enc,0.0162169
month,0.016056549
temp_c,0.015457305
customer_to_floor_ratio,0.015268968
cost_price,0.015256176
rain_mm,0.015193535
brand_enc,0.015092757
local_event,0.015001752
shelf_life_days,0.014179529
region_enc,0.013589916
lead_days,0.013560846
quarter,0.01349381
mrp,0.012714187
mrp_to_cost_ratio,0.012427881
category_enc,0.012222563
store_type_enc,0.011017261
store_id_enc,0.010580309
avg_daily_customers,0.010475307
floor_area_sqft,0.0048506623
is_cold_start,0.0
